user_id,name,age,gender,education_level,preferred_subjects,signup_date,last_active_date
1,Dr. Amanda Ellis,30,Male,Master’s,"['Programming', 'Science', 'Math']",13-04-2023,21-11-2024
2,Julie Jones,56,Male,Bachelor’s,"['Art', 'History']",11-06-2024,14-11-2024
3,Jennifer Mcdonald,59,Other,Bachelor’s,"['Programming', 'Science']",14-05-2023,19-06-2024
4,Kayla Henderson,59,Male,High School,['History'],16-02-2024,25-10-2024
5,Robin Schneider,37,Other,Bachelor’s,['History'],22-09-2024,25-06-2024
6,Gina Murray,59,Other,High School,['Business'],07-11-2023,26-08-2024
7,Karen Clarke,37,Female,Master’s,"['Business', 'Programming', 'History']",18-08-2023,22-02-2025
8,Katie Kennedy,34,Female,PhD,"['History', 'Programming']",05-05-2024,13-08-2024
9,Ashley Turner,31,Male,High School,"['History', 'Programming']",16-06-2023,23-01-2025
10,Drew Frye,59,Other,PhD,['Art'],29-03-2024,28-12-2024
11,Cindy Juarez,59,Other,PhD,['Business'],22-05-2023,02-02-2025
12,Grace Weber,27,Male,Master’s,"['Programming', 'Business']",18-04-2024,10-10-2024
13,Miranda Price,28,Male,PhD,['Science'],13-02-2024,19-05-2024
14,Rebecca Goodwin,40,Other,Bachelor’s,['Programming'],24-01-2024,13-01-2025
15,Rita Johnson,23,Female,PhD,"['Science', 'History', 'Math']",25-02-2024,24-12-2024
16,James Lyons,28,Other,Master’s,['Math'],28-02-2025,02-01-2025
17,Stephanie Harrington,27,Female,PhD,['Math'],17-05-2024,24-04-2024
18,John Moore,27,Male,Bachelor’s,['Science'],21-01-2024,08-03-2025
19,Daniel Dunn,46,Female,High School,['Science'],16-06-2024,12-04-2024
20,Nathan Graves,24,Male,Bachelor’s,"['Science', 'Art', 'Business']",07-12-2024,14-09-2024
21,Patricia Mitchell,18,Male,Master’s,['Science'],04-03-2025,04-09-2024
22,Seth Montoya,36,Other,Bachelor’s,['Programming'],03-07-2023,12-12-2024
23,Mr. Mark Thompson,47,Female,Bachelor’s,"['Art', 'History', 'Business']",17-09-2024,06-04-2024
24,Danielle Wade,19,Male,PhD,"['Science', 'Math']",30-05-2023,12-06-2024
25,Annette Gonzalez,44,Female,PhD,['History'],01-03-2024,02-12-2024
26,Nicole Raymond,57,Female,PhD,"['Math', 'Science', 'Business']",02-03-2025,05-07-2024
27,Timothy Clark,42,Male,High School,['Business'],29-06-2024,16-05-2024
28,Monique Valencia,22,Female,Bachelor’s,"['Science', 'Business']",04-10-2024,17-12-2024
29,Denise Bass,31,Male,PhD,"['Programming', 'Art']",30-04-2024,27-08-2024
30,Amanda Adams,30,Male,Master’s,"['Business', 'History']",04-02-2025,26-07-2024
31,Peter Kennedy,35,Other,PhD,['Programming'],10-04-2023,06-04-2024
32,Wendy Sullivan,24,Female,Bachelor’s,"['Math', 'Programming', 'Business']",26-02-2024,14-10-2024
33,Joel Burke,54,Other,High School,"['Business', 'History']",02-06-2024,12-09-2024
34,Michael Marshall,43,Other,Master’s,['Business'],18-05-2024,06-04-2024
35,Joshua Juarez,52,Male,Master’s,"['Business', 'Science', 'Art']",21-05-2023,30-08-2024
36,David Taylor,25,Male,PhD,"['History', 'Business', 'Art']",27-02-2024,30-07-2024
37,Alicia Osborne,52,Other,PhD,['Art'],04-02-2024,31-03-2024
38,Steven Wagner,36,Other,PhD,"['Science', 'History']",10-10-2024,03-04-2024
39,Cassandra Flores,41,Male,High School,"['Math', 'Business']",07-12-2024,10-05-2024
40,John Lowe,49,Other,PhD,['Art'],30-05-2023,19-08-2024
41,Aaron Jones,49,Female,Bachelor’s,"['Programming', 'Science', 'Art']",11-12-2024,18-04-2024
42,Nancy Bryant,43,Female,High School,"['Programming', 'Science']",12-07-2024,18-06-2024
43,John Spencer,27,Other,Master’s,['History'],24-01-2025,09-02-2025
44,John Johnson,47,Female,Bachelor’s,"['Math', 'Science']",07-08-2024,23-01-2025
45,Jason Willis,40,Other,Master’s,"['Math', 'Programming', 'History']",14-08-2023,15-09-2024
46,Gregory Ramos,22,Female,Bachelor’s,['Art'],06-01-2024,02-01-2025
47,Elizabeth Hancock,35,Male,High School,"['Art', 'Business']",27-04-2024,15-03-2024
48,Vanessa Burgess,59,Male,High School,"['Programming', 'Art', 'Math']",16-05-2024,02-05-2024
49,Tanya Sandoval,29,Male,PhD,['Math'],13-05-2023,04-01-2025
50,Matthew Smith,51,Male,High School,"['Programming', 'History']",13-01-2025,15-05-2024
51,Jack Wells,36,Female,Bachelor’s,"['Science', 'Art']",05-06-2023,21-04-2024
52,Robert Townsend,28,Male,Bachelor’s,"['Science', 'Art']",26-01-2025,24-04-2024
53,Geoffrey Jenkins,42,Other,Master’s,['Programming'],30-08-2024,08-08-2024
54,Christine Sharp,32,Male,PhD,"['Programming', 'Science', 'History']",26-07-2024,08-02-2025
55,James Lara,27,Other,High School,"['Art', 'Science']",26-01-2025,13-07-2024
56,Michael Herrera,55,Other,Master’s,"['History', 'Art', 'Math']",02-10-2023,28-04-2024
57,Ryan Brown,30,Other,High School,"['History', 'Business']",30-08-2023,10-08-2024
58,Jennifer Spencer,57,Other,High School,['Art'],10-04-2024,20-11-2024
59,Jennifer Wolfe,38,Other,High School,['History'],13-10-2024,13-10-2024
60,Jesus Morales,32,Male,Master’s,"['Science', 'Art']",11-04-2023,06-08-2024
61,Tristan Gonzales,38,Female,High School,"['History', 'Business']",24-11-2023,23-10-2024
62,Michael Mann,37,Female,Master’s,['Art'],15-09-2024,29-10-2024
63,David Johnson,41,Other,Master’s,['History'],16-07-2023,06-06-2024
64,Kathryn Waters,44,Male,Bachelor’s,"['Math', 'Business', 'History']",24-12-2024,04-01-2025
65,Jamie Campbell,37,Other,Bachelor’s,"['Programming', 'History', 'Math']",27-05-2023,11-07-2024
66,Erik Wade,39,Male,High School,['History'],26-01-2025,30-07-2024
67,Lawrence Mcguire,41,Other,High School,['Business'],08-02-2024,29-10-2024
68,Andrew Gray,44,Other,PhD,"['Math', 'Business', 'History']",12-08-2023,07-07-2024
69,William Stewart,29,Female,Master’s,['Programming'],22-05-2024,16-11-2024
70,Gregory Mccarthy,18,Female,PhD,['Art'],15-09-2023,23-12-2024
71,Brandon Phillips,47,Male,High School,['Art'],25-04-2024,07-11-2024
72,Jennifer Garcia,47,Female,Bachelor’s,"['Business', 'Programming']",24-01-2024,22-12-2024
73,Mrs. Amanda Davis MD,53,Male,High School,"['Art', 'Business']",02-05-2023,16-07-2024
74,Stacey Whitehead,31,Other,Master’s,"['Math', 'History', 'Business']",16-01-2024,25-03-2024
75,Lisa Williams,54,Male,High School,"['Science', 'History']",05-01-2024,07-01-2025
76,Timothy Gilbert,59,Male,Bachelor’s,"['Science', 'Programming', 'Business']",29-01-2025,27-09-2024
77,Emily Smith,24,Other,Bachelor’s,"['Art', 'Business']",07-08-2023,14-10-2024
78,Chad Espinoza,20,Female,High School,"['Art', 'Science', 'Programming']",06-10-2024,24-06-2024
79,Victor Logan,24,Other,PhD,"['Business', 'Art']",23-09-2024,02-07-2024
80,Juan Randolph,29,Male,High School,['Math'],28-08-2023,05-03-2025
81,Samantha Ochoa,30,Male,Bachelor’s,['Science'],24-11-2023,01-09-2024
82,Robert Valentine,59,Male,PhD,"['Science', 'Art']",24-07-2024,25-07-2024
83,Daniel Ayala,57,Other,Bachelor’s,"['Art', 'Science']",04-02-2024,10-04-2024
84,Michael Ortega Jr.,40,Female,Bachelor’s,"['Science', 'Programming', 'Art']",14-03-2024,10-04-2024
85,Travis Taylor,47,Female,PhD,['Science'],02-03-2024,14-02-2025
86,Phillip Taylor,24,Male,Bachelor’s,"['Business', 'Art']",05-01-2024,08-04-2024
87,Courtney Richards,30,Other,PhD,"['Business', 'History']",25-08-2024,28-12-2024
88,Kristen Young,46,Male,Bachelor’s,['Programming'],26-11-2024,16-07-2024
89,Thomas King,44,Other,PhD,['Programming'],03-08-2023,10-07-2024
90,Michael Jones,47,Other,High School,['Business'],11-02-2025,12-02-2025
91,Jeffrey Foster,54,Female,Bachelor’s,"['History', 'Programming', 'Art']",12-05-2023,01-12-2024
92,Phillip Luna,39,Other,High School,"['Business', 'Math', 'Programming']",05-11-2023,06-07-2024
93,Claire Jones,48,Female,PhD,"['Programming', 'Business']",20-10-2023,24-07-2024
94,Lisa Hanson,45,Female,Master’s,"['Art', 'Math', 'Science']",16-09-2023,27-05-2024
95,Christopher Brown,57,Other,High School,['Programming'],07-01-2025,24-03-2024
96,Harold Livingston,59,Male,Master’s,"['Programming', 'History', 'Business']",02-05-2024,29-10-2024
97,Michelle Rowland,50,Female,Master’s,['Art'],18-01-2025,27-07-2024
98,Beverly Mitchell,49,Male,PhD,['Science'],03-09-2024,29-10-2024
99,Alexander Mack,36,Female,Bachelor’s,"['Math', 'Art']",02-01-2024,13-10-2024
100,Gabriel Hart,30,Male,Master’s,"['Science', 'Art', 'History']",15-05-2023,30-01-2025
101,Vincent Robinson,55,Male,Bachelor’s,['Art'],09-09-2023,18-06-2024
102,Ann Hall,26,Male,Master’s,"['History', 'Business']",17-09-2024,04-10-2024
103,Lindsey Oneill,23,Male,Bachelor’s,"['Art', 'History']",05-06-2023,25-06-2024
104,Jerry Greene,34,Male,PhD,['Science'],05-07-2023,17-03-2024
105,Mrs. Lisa Parker,27,Other,Master’s,['Programming'],23-12-2023,13-02-2025
106,Jordan Smith,43,Male,Bachelor’s,"['Business', 'Science', 'Art']",14-08-2023,01-10-2024
107,Elijah Adams,39,Male,Master’s,"['Art', 'History', 'Programming']",07-11-2023,17-09-2024
108,Diana Lopez,53,Other,High School,['Business'],21-08-2023,16-04-2024
109,Clayton Warren,39,Male,Bachelor’s,['Programming'],27-09-2023,03-09-2024
110,Anna Nelson,60,Male,Bachelor’s,"['Programming', 'Art', 'History']",28-12-2024,27-04-2024
111,Alexandra Hill,46,Female,Master’s,"['Math', 'Business', 'Art']",31-07-2024,19-03-2024
112,Christina Ramsey,53,Female,Master’s,"['Business', 'Art', 'History']",12-02-2024,02-06-2024
113,Jeffrey Hill,43,Female,Master’s,"['History', 'Art']",18-10-2023,19-04-2024
114,Nicole Wood,30,Other,Bachelor’s,['History'],07-11-2024,07-06-2024
115,Carl Cook,38,Male,PhD,['History'],22-12-2024,23-12-2024
116,Natalie Moore,34,Other,Master’s,"['Art', 'Business']",29-11-2024,30-06-2024
117,Gabrielle Elliott,55,Male,Master’s,"['Math', 'Art']",19-03-2024,05-12-2024
118,Steven Wyatt DDS,18,Female,PhD,['Programming'],19-12-2024,11-05-2024
119,Madison Smith,18,Male,Bachelor’s,"['Business', 'Science']",05-11-2023,27-11-2024
120,Claire Martin,46,Male,Bachelor’s,['Art'],14-04-2024,07-03-2025
121,Darren Snyder,52,Female,Master’s,"['Science', 'Art', 'Business']",13-04-2023,15-07-2024
122,David Frank,36,Other,Bachelor’s,['Business'],01-10-2023,09-11-2024
123,Andrew Thompson,30,Male,High School,"['History', 'Business', 'Art']",22-06-2023,09-03-2024
124,Kevin Fields,47,Other,Master’s,['Science'],10-03-2024,26-02-2025
125,Ian Nelson,47,Other,Bachelor’s,"['Art', 'Programming']",10-09-2024,17-08-2024
126,Patrick Schmidt,27,Other,Bachelor’s,['Programming'],30-12-2024,25-04-2024
127,Tiffany Hall,33,Female,Bachelor’s,['History'],21-02-2024,05-01-2025
128,Anna Greene,32,Female,Bachelor’s,"['Math', 'Science', 'Programming']",30-07-2024,02-04-2024
129,Miranda Ortega,51,Female,PhD,['History'],22-08-2024,05-02-2025
130,Robert Reed,42,Female,Master’s,"['Science', 'Math', 'Art']",14-08-2024,12-04-2024
131,Amber Dunn,39,Other,Bachelor’s,"['History', 'Business', 'Science']",10-07-2024,16-09-2024
132,Jennifer Rivera,52,Female,Master’s,['Business'],09-10-2023,07-10-2024
133,Shelby Harris,49,Male,Master’s,"['Science', 'Math', 'History']",18-11-2023,08-06-2024
134,Christopher White,52,Female,High School,"['Programming', 'Math', 'History']",05-05-2024,01-09-2024
135,Bobby Sampson,50,Male,PhD,"['Art', 'Programming', 'Business']",05-07-2024,07-03-2025
136,Anna Martin,20,Male,PhD,['Art'],24-01-2025,23-05-2024
137,John Levine,45,Male,High School,"['Math', 'History']",18-03-2024,13-05-2024
138,James Welch,34,Other,PhD,['History'],23-11-2024,25-09-2024
139,Cory Vargas,23,Other,Bachelor’s,"['Business', 'Science', 'Programming']",13-03-2024,04-02-2025
140,Christopher Lopez,45,Female,Master’s,['History'],22-01-2025,24-12-2024
141,Jeremy Hall,28,Female,Master’s,"['Math', 'Business', 'Programming']",12-02-2024,04-01-2025
142,Marissa Hunt,41,Male,High School,"['History', 'Art', 'Math']",12-10-2023,22-05-2024
143,Trevor Green,42,Female,PhD,['Programming'],03-06-2023,12-02-2025
144,Maureen Horn,48,Male,High School,"['Math', 'Programming']",28-08-2024,29-04-2024
145,Brittney Sawyer,22,Female,Bachelor’s,"['Business', 'Math']",22-06-2024,18-02-2025
146,David Mcclain,35,Other,High School,"['Math', 'Programming', 'Art']",01-07-2024,05-07-2024
147,Mike Schmidt,35,Female,Bachelor’s,['Business'],08-12-2023,24-11-2024
148,Thomas Moses,41,Male,PhD,"['Programming', 'Business', 'Science']",02-08-2023,06-06-2024
149,Robin Ali,52,Female,Bachelor’s,"['Art', 'Science', 'Business']",24-09-2024,27-06-2024
150,Peter Kim,52,Other,Master’s,['History'],01-08-2024,04-07-2024
151,Julie Brady,23,Female,High School,"['Business', 'Science']",16-08-2024,09-04-2024
152,Mark Manning,38,Other,PhD,"['Business', 'History', 'Art']",07-02-2025,04-10-2024
153,Eric Brown,58,Male,PhD,"['History', 'Art', 'Science']",25-10-2023,01-01-2025
154,Sharon Allen,29,Female,PhD,['Programming'],18-03-2023,31-07-2024
155,Maria Perez,31,Other,PhD,"['Science', 'History']",05-04-2023,27-03-2024
156,Alex Russell,18,Other,High School,['Art'],20-03-2024,08-09-2024
157,Ian Riley,58,Male,Bachelor’s,"['Programming', 'Science']",28-08-2023,17-02-2025
158,Connie Hernandez,48,Male,PhD,"['History', 'Business', 'Art']",19-05-2023,14-06-2024
159,Erica Berry,35,Female,High School,"['Art', 'History', 'Science']",13-12-2023,16-10-2024
160,Veronica Vasquez,23,Male,PhD,['Programming'],14-06-2023,15-10-2024
161,Joseph Martin,31,Female,Master’s,"['Business', 'Programming', 'Art']",25-12-2024,07-02-2025
162,Catherine Davis,19,Other,Bachelor’s,"['Science', 'Business']",13-09-2024,20-06-2024
163,Grace Drake,24,Female,Master’s,['Programming'],21-12-2024,15-11-2024
164,Crystal Rhodes,31,Other,High School,['Math'],08-01-2025,11-06-2024
165,Margaret Mcintosh,59,Female,High School,['Math'],20-04-2023,09-11-2024
166,Cindy Ochoa,36,Other,PhD,['History'],29-01-2024,17-04-2024
167,Teresa Martinez,56,Male,High School,"['Math', 'Science', 'Art']",09-08-2023,07-11-2024
168,Deborah Collier,37,Male,High School,"['Math', 'Science']",30-01-2024,22-02-2025
169,Penny Bennett,52,Female,PhD,"['Science', 'Math']",10-06-2023,08-05-2024
170,Ronald Austin,36,Male,Bachelor’s,"['Math', 'Business', 'Art']",07-01-2025,02-11-2024
171,John Koch,34,Male,High School,"['Programming', 'Business', 'Math']",25-12-2023,25-07-2024
172,Alfred Rice,53,Female,High School,['History'],23-09-2023,21-01-2025
173,Chris Shannon,29,Female,Bachelor’s,"['Science', 'Business']",05-10-2024,26-08-2024
174,Nicholas Kennedy,35,Other,Bachelor’s,"['Business', 'Science', 'History']",25-07-2024,25-08-2024
175,Amy Elliott,54,Other,PhD,"['Business', 'Science']",07-02-2025,03-04-2024
176,Stacey Robinson,39,Other,High School,"['Programming', 'Math', 'Art']",03-02-2024,16-03-2024
177,Alexis Rivera,36,Male,Master’s,"['Science', 'Math']",16-11-2023,28-06-2024
178,Traci Francis,51,Other,PhD,"['Business', 'Art']",10-03-2024,28-04-2024
179,Michelle White,25,Other,Master’s,"['Science', 'Art', 'Programming']",21-11-2023,06-11-2024
180,Renee Davis,57,Male,High School,"['History', 'Programming', 'Art']",28-02-2024,01-09-2024
181,Lauren Aguilar,42,Female,Bachelor’s,"['Programming', 'Math']",09-11-2023,26-07-2024
182,Mrs. April Yates,59,Male,Bachelor’s,['Science'],22-07-2024,12-06-2024
183,Thomas Wong,42,Male,High School,['Math'],05-05-2023,12-02-2025
184,Christian Suarez,40,Female,Bachelor’s,"['History', 'Programming', 'Business']",08-10-2024,05-07-2024
185,Jillian Baker,45,Female,High School,"['Science', 'Art', 'Business']",15-12-2023,04-04-2024
186,Leah Oconnor,57,Male,Master’s,['Business'],23-12-2023,08-02-2025
187,Amanda Smith,51,Male,PhD,['Programming'],23-09-2023,06-04-2024
188,Mario Johnson,30,Male,Bachelor’s,"['History', 'Math']",07-05-2024,13-03-2024
189,Ryan Garcia,41,Female,High School,"['History', 'Art', 'Science']",25-06-2023,31-03-2024
190,Kevin Hall,37,Female,High School,"['Science', 'Business']",17-07-2024,23-03-2024
191,Harold Duarte,56,Male,PhD,"['Math', 'Programming', 'Science']",14-07-2024,17-08-2024
192,Steven Duncan,33,Other,High School,"['Science', 'Math']",05-01-2025,04-03-2025
193,Joy Paul,22,Female,High School,"['Business', 'Science', 'Programming']",10-10-2024,04-06-2024
194,Sheila Gomez,18,Male,Bachelor’s,"['Art', 'History', 'Math']",21-08-2023,11-10-2024
195,Gary Terry,25,Male,Master’s,"['Math', 'Business']",21-11-2024,10-01-2025
196,Mr. Devin Hogan MD,45,Female,High School,"['Science', 'Programming', 'Business']",03-06-2023,29-08-2024
197,Shawna Hudson,37,Male,Master’s,"['History', 'Art', 'Business']",02-10-2024,29-08-2024
198,Amanda Johnson,55,Other,PhD,['History'],07-12-2023,05-12-2024
199,John James,20,Female,Master’s,"['History', 'Art']",04-01-2025,13-01-2025
200,Brandi Carson,56,Male,High School,['Programming'],20-06-2024,31-01-2025
201,Sarah Lozano,18,Other,High School,"['History', 'Business', 'Science']",26-01-2024,15-07-2024
202,Jaime Thomas,30,Female,High School,"['Science', 'Art']",20-09-2023,13-09-2024
203,Carolyn Cruz,35,Other,PhD,"['Science', 'Business', 'Math']",14-03-2023,29-10-2024
204,Chad Smith,45,Other,PhD,['Science'],04-03-2024,25-12-2024
205,Amy Dixon,50,Female,High School,['Math'],18-06-2024,27-02-2025
206,Amy Matthews,26,Female,Bachelor’s,"['Math', 'Art']",09-09-2024,18-03-2024
207,Joshua Kramer,31,Female,Bachelor’s,"['History', 'Math']",12-08-2023,27-01-2025
208,Amber Jones,27,Other,High School,"['Science', 'Business', 'Math']",31-03-2023,07-10-2024
209,Jeffrey Alexander,56,Male,High School,"['History', 'Art', 'Science']",18-12-2024,11-02-2025
210,Francisco Proctor,55,Other,Bachelor’s,"['History', 'Programming']",07-02-2025,10-03-2024
211,Megan Ellis,20,Other,High School,"['Business', 'Art', 'Math']",19-10-2024,30-11-2024
212,Carol Acosta,30,Other,High School,"['History', 'Programming', 'Math']",07-10-2024,23-02-2025
213,April Jordan,50,Male,Master’s,['Art'],02-07-2023,24-06-2024
214,Robert Mcclure DVM,46,Male,Master’s,"['History', 'Science', 'Programming']",02-08-2024,15-10-2024
215,Sandra Anderson,55,Female,High School,['Business'],08-03-2025,25-10-2024
216,Marcus Hall,26,Other,Bachelor’s,"['History', 'Science', 'Math']",29-05-2024,10-03-2024
217,Courtney Combs,50,Other,Bachelor’s,"['Programming', 'Science']",15-08-2023,02-08-2024
218,Justin Moreno,51,Other,Bachelor’s,['History'],08-04-2024,14-07-2024
219,Douglas West,52,Other,Master’s,['Business'],01-01-2024,16-07-2024
220,Eric Garcia,51,Female,PhD,"['Science', 'Art']",21-12-2023,16-12-2024
221,Scott Martin,25,Female,Bachelor’s,"['Science', 'Art']",30-08-2024,25-09-2024
222,Evan Hendrix,21,Male,High School,"['Programming', 'Math']",29-01-2025,31-05-2024
223,Matthew Gross,52,Male,PhD,['Math'],18-09-2023,21-12-2024
224,Tracey Mcknight,32,Male,Bachelor’s,"['Programming', 'Business', 'History']",13-02-2024,25-07-2024
225,Jacob Johnson,55,Female,High School,"['History', 'Science', 'Programming']",27-04-2023,21-05-2024
226,Joseph Fleming,22,Female,Master’s,['Art'],25-10-2024,29-03-2024
227,Jeremy Sheppard,31,Other,PhD,"['Math', 'Science', 'History']",27-09-2023,20-02-2025
228,Bryan Lewis,58,Male,PhD,['Math'],09-01-2025,03-01-2025
229,Douglas Jones,48,Male,PhD,"['Science', 'Programming']",07-04-2023,11-06-2024
230,Joel Franklin,22,Other,Master’s,"['Programming', 'Science', 'History']",20-08-2023,03-06-2024
231,Robert Smith,42,Female,High School,"['Science', 'Business', 'Math']",30-10-2023,03-01-2025
232,Scott Mcbride,22,Male,PhD,['Programming'],26-09-2023,16-06-2024
233,Mark Bowman,51,Other,High School,"['Science', 'History']",12-12-2023,29-05-2024
234,Michael Martin,60,Male,Bachelor’s,"['Programming', 'Art', 'Business']",16-01-2025,05-04-2024
235,Shannon Faulkner,42,Female,High School,"['History', 'Art']",19-02-2025,29-01-2025
236,Jamie Clark,20,Other,Bachelor’s,"['Art', 'Math']",17-12-2023,20-01-2025
237,Russell Mcdonald,56,Other,High School,['History'],02-03-2024,02-01-2025
238,Joshua Stokes,37,Female,Bachelor’s,['History'],05-09-2023,16-11-2024
239,Rachel Byrd,46,Female,High School,['Science'],07-01-2024,22-10-2024
240,Hayley Rojas,23,Female,Master’s,"['Business', 'Science', 'Programming']",26-08-2024,02-05-2024
241,Kenneth Barnes,26,Female,Bachelor’s,['Programming'],09-01-2024,25-03-2024
242,Erin Anderson,36,Female,High School,"['Science', 'Math']",15-07-2024,31-10-2024
243,James Garcia,34,Male,Bachelor’s,['History'],26-12-2024,10-03-2024
244,Sarah Schwartz,32,Other,PhD,"['Math', 'Programming']",17-02-2025,28-04-2024
245,Tanya Perry,53,Other,Master’s,['History'],10-08-2024,17-07-2024
246,Laura Rivera,38,Other,High School,['Business'],29-10-2023,21-09-2024
247,Amber Jones,25,Female,PhD,"['Art', 'Programming']",23-03-2023,14-05-2024
248,Theresa Mitchell,40,Female,Bachelor’s,"['History', 'Programming']",01-03-2025,02-08-2024
249,Ryan Moore,43,Other,High School,"['Science', 'Art']",03-04-2024,13-12-2024
250,Haley Medina,53,Male,Master’s,['Programming'],17-12-2023,23-07-2024
251,Brenda Camacho,38,Male,High School,"['Art', 'Programming']",27-06-2023,23-09-2024
252,Maria Walls MD,22,Male,Master’s,['Science'],21-08-2024,08-06-2024
253,Brian Williamson,51,Other,High School,"['Art', 'Math']",15-08-2024,07-11-2024
254,Cindy Carter,59,Other,High School,"['Science', 'Programming', 'Math']",29-09-2023,07-11-2024
255,Carrie Carter,36,Female,High School,"['Programming', 'Art']",05-05-2023,29-08-2024
256,Sandra Vazquez,48,Male,PhD,['Art'],25-10-2023,08-12-2024
257,Carlos White,55,Female,PhD,"['Science', 'Math', 'Programming']",26-07-2024,04-10-2024
258,Clinton Page,21,Male,High School,"['History', 'Art']",31-08-2023,19-04-2024
259,Kimberly Peterson,39,Female,High School,"['History', 'Business', 'Art']",12-07-2023,19-08-2024
260,Gary Brown,41,Female,Master’s,['Business'],15-11-2024,21-10-2024
261,Kiara Bowman,39,Male,PhD,"['Art', 'History']",30-01-2024,18-10-2024
262,Angela Ward,24,Other,Master’s,['Math'],19-03-2023,30-10-2024
263,Roger Cooper,58,Female,Master’s,"['Math', 'Programming', 'Art']",02-09-2023,28-12-2024
264,Lori Simmons,35,Other,High School,"['Programming', 'Math']",08-06-2023,05-03-2025
265,Erica Blackwell,44,Other,Master’s,"['Science', 'Programming']",12-06-2023,17-12-2024
266,Michael Baker,44,Other,PhD,['Math'],07-02-2024,10-06-2024
267,Kelly Thompson,22,Other,Master’s,"['Programming', 'History']",09-03-2025,08-11-2024
268,Stephanie Hoffman,56,Other,Master’s,"['History', 'Business']",22-06-2023,29-05-2024
269,Jason Downs,51,Male,Master’s,"['History', 'Business']",12-11-2024,07-08-2024
270,Ryan Reyes,45,Male,PhD,['Art'],13-01-2024,01-08-2024
271,Lori Obrien,24,Other,Master’s,"['Programming', 'Art', 'Science']",07-01-2024,13-04-2024
272,Daryl Miller,55,Female,PhD,['Math'],03-02-2024,29-08-2024
273,Willie Carpenter,39,Other,Master’s,"['Science', 'Programming', 'Art']",30-01-2024,17-06-2024
274,Alicia White,46,Female,Master’s,"['Science', 'Business', 'Art']",19-06-2024,27-11-2024
275,Mackenzie Taylor,18,Female,Master’s,['History'],02-08-2024,15-03-2024
276,Lucas Wilson,49,Other,Master’s,['Science'],10-12-2023,10-12-2024
277,Jordan Jordan,36,Other,PhD,"['Art', 'Science']",24-10-2023,03-04-2024
278,Matthew Jarvis,22,Other,Bachelor’s,"['Business', 'Science']",26-09-2024,20-10-2024
279,Amanda Holt,50,Male,Bachelor’s,"['Math', 'History']",28-10-2024,04-06-2024
280,Edwin Gross,57,Male,High School,['Business'],07-06-2024,07-07-2024
281,Mark Brown,41,Female,High School,['Art'],18-01-2024,21-01-2025
282,Steven Hall,28,Male,Master’s,"['Science', 'History']",19-11-2024,29-04-2024
283,Rachel Hall,21,Male,Master’s,['Programming'],09-11-2024,29-04-2024
284,Melissa Melton,43,Other,Bachelor’s,"['Business', 'Art', 'Science']",09-01-2024,27-02-2025
285,Billy Williams,56,Female,PhD,['History'],08-08-2023,25-06-2024
286,Austin Beard,48,Other,PhD,"['Programming', 'Math']",24-06-2023,28-07-2024
287,Kathleen Steele,52,Male,High School,"['Science', 'Math', 'Art']",09-02-2024,27-02-2025
288,Edward Hernandez,59,Female,Bachelor’s,"['Science', 'Programming']",27-07-2024,20-01-2025
289,Sandra Lewis,51,Other,Bachelor’s,"['Art', 'Science', 'Math']",26-01-2025,21-04-2024
290,Tammy Sampson,52,Other,High School,"['Business', 'Math']",01-07-2024,17-10-2024
291,Bridget Chavez,48,Female,Master’s,['History'],29-11-2024,30-09-2024
292,Carrie Wilson,29,Other,High School,"['History', 'Business', 'Math']",03-07-2024,11-09-2024
293,Jennifer Boone,56,Female,PhD,['Math'],07-05-2024,08-10-2024
294,Roger Richardson,29,Female,Bachelor’s,"['Art', 'Science', 'Business']",18-01-2025,11-10-2024
295,Valerie Jordan,49,Other,Master’s,"['Art', 'Science', 'History']",29-12-2024,13-07-2024
296,Larry Villarreal,43,Male,PhD,['History'],24-05-2024,13-06-2024
297,Steven Hartman,32,Male,High School,"['Programming', 'Art', 'Math']",11-03-2024,24-04-2024
298,David Stuart,49,Male,PhD,"['Math', 'Science']",03-05-2024,09-09-2024
299,Justin Prince,49,Male,High School,"['Programming', 'Science', 'Math']",10-10-2023,29-12-2024
300,Brittany Smith,43,Male,High School,"['Math', 'Business', 'Art']",17-04-2023,03-06-2024
301,Theresa Velazquez,51,Male,PhD,"['History', 'Math', 'Programming']",17-10-2023,10-02-2025
302,Sarah Wilkins,22,Other,Bachelor’s,['Science'],12-07-2023,29-07-2024
303,Philip Brown,23,Other,PhD,['Math'],02-03-2024,14-04-2024
304,Lee Wood,52,Other,High School,"['Art', 'Business', 'History']",27-07-2023,09-08-2024
305,Christina Ayers,22,Female,Master’s,"['History', 'Art']",07-11-2024,16-11-2024
306,Heather Bishop,21,Male,Master’s,"['Business', 'Math', 'Programming']",03-02-2025,08-08-2024
307,Andrea Allen,46,Other,Master’s,"['Art', 'History']",20-08-2023,11-11-2024
308,Mandy Khan,49,Male,Master’s,"['History', 'Business', 'Math']",21-02-2024,15-10-2024
309,Samantha Owens,19,Male,Master’s,['Science'],29-12-2023,15-06-2024
310,Aaron James,26,Other,Master’s,"['Science', 'Business']",23-03-2024,20-03-2024
311,Kristen Powell,29,Male,Master’s,['Programming'],08-10-2024,18-06-2024
312,Jeremy Clark,26,Other,Master’s,['Math'],17-09-2023,21-07-2024
313,Dana Mills,35,Female,Bachelor’s,"['History', 'Math']",20-12-2024,10-01-2025
314,Carrie Wells,43,Female,Master’s,"['Math', 'Art', 'History']",10-12-2023,10-11-2024
315,Tina Torres,40,Other,High School,['Business'],06-12-2024,07-02-2025
316,Steven Miles,21,Male,Master’s,"['Science', 'Math']",06-09-2023,06-05-2024
317,Theresa Hernandez,37,Male,Bachelor’s,['Math'],26-07-2023,04-02-2025
318,Amy Reed,46,Other,High School,"['Programming', 'History']",22-12-2024,25-01-2025
319,Thomas Wright,27,Female,High School,['Art'],29-12-2024,05-01-2025
320,Gregory Chavez,27,Female,Bachelor’s,"['Business', 'Art', 'History']",15-01-2025,31-08-2024
321,Jose Harris,47,Male,Bachelor’s,['Programming'],18-02-2025,26-10-2024
322,Shannon Hansen,48,Male,Bachelor’s,"['Art', 'Programming', 'Business']",10-03-2024,03-04-2024
323,James Rodriguez,40,Male,High School,['History'],09-11-2024,22-04-2024
324,Antonio Curtis,43,Male,High School,['Science'],04-05-2024,01-04-2024
325,Thomas Garcia,51,Other,Master’s,['Science'],17-05-2024,21-10-2024
326,Matthew Ortiz,21,Male,High School,"['Art', 'Science', 'Math']",11-10-2023,27-12-2024
327,Kathryn Mitchell,32,Other,PhD,"['Business', 'Programming']",02-06-2024,23-01-2025
328,Brittany Leach,50,Male,Bachelor’s,['History'],26-09-2023,21-02-2025
329,Adam Walters,57,Female,High School,"['Programming', 'Art']",06-04-2023,10-10-2024
330,Tony Beltran,38,Female,PhD,"['Art', 'Business', 'Science']",28-10-2024,09-08-2024
331,Frank Rodriguez,37,Female,Master’s,"['Programming', 'Math', 'History']",20-12-2024,29-11-2024
332,Erin Alvarado,57,Male,Master’s,['History'],16-03-2023,29-01-2025
333,Kimberly Hudson,19,Male,High School,['Science'],17-09-2024,13-08-2024
334,Robert Crane,42,Female,High School,['Math'],09-09-2024,07-11-2024
335,Wendy King,22,Other,PhD,"['Art', 'Math']",23-03-2023,01-08-2024
336,Charles Stewart,45,Male,PhD,"['Business', 'Science']",10-02-2024,22-04-2024
337,Dr. David Smith,43,Female,Master’s,"['History', 'Art']",10-08-2023,01-04-2024
338,Crystal Rubio,57,Female,Master’s,['Art'],04-10-2024,18-05-2024
339,Terri Banks,51,Male,PhD,"['Business', 'Math']",19-09-2023,06-05-2024
340,Jason Boyer,51,Other,PhD,"['Science', 'Math', 'Business']",27-02-2024,05-04-2024
341,Juan Diaz,31,Female,Bachelor’s,['Science'],09-03-2024,28-06-2024
342,Anthony Kent,26,Male,High School,"['Math', 'Business']",07-08-2023,08-09-2024
343,Don Parker,44,Male,Bachelor’s,['Science'],05-10-2024,06-11-2024
344,Erika Duran,55,Other,Master’s,"['History', 'Math', 'Programming']",08-11-2023,04-09-2024
345,Julie Shepard,41,Male,Bachelor’s,['History'],10-04-2023,21-05-2024
346,Anthony Odonnell,42,Male,Bachelor’s,"['History', 'Business', 'Art']",25-01-2025,21-12-2024
347,Maurice James,28,Male,Bachelor’s,['History'],24-04-2023,05-11-2024
348,Christopher Pearson,31,Female,PhD,"['Art', 'Programming']",28-04-2024,01-02-2025
349,Robert Davis,50,Female,PhD,['Math'],18-03-2023,28-11-2024
350,Christopher Reed,20,Male,PhD,['Programming'],07-03-2025,31-07-2024
351,Jasmine Johnston,49,Male,Master’s,"['Science', 'Art']",06-08-2023,08-12-2024
352,Patrick Phillips,51,Other,Bachelor’s,['Art'],28-08-2023,17-12-2024
353,Nicholas Dalton,19,Other,Master’s,"['History', 'Math', 'Programming']",25-05-2024,28-04-2024
354,Lisa Hinton,29,Other,PhD,"['Math', 'Science', 'Business']",01-08-2024,01-02-2025
355,Tanya Watson,52,Male,High School,"['Math', 'Programming', 'Art']",28-09-2023,30-10-2024
356,Lauren Powell,35,Other,High School,"['Math', 'Business']",24-08-2024,28-03-2024
357,Lisa Sanchez,23,Other,Master’s,"['Math', 'Business', 'Programming']",19-01-2025,01-06-2024
358,Amanda Ross,36,Other,Bachelor’s,['Business'],30-10-2023,23-08-2024
359,Elizabeth Turner,30,Other,Master’s,"['Math', 'Business']",21-12-2024,10-10-2024
360,Shannon Parker,34,Other,Master’s,"['Math', 'Programming']",11-09-2023,26-06-2024
361,Jeremy Gross,42,Male,Bachelor’s,"['History', 'Business']",16-08-2024,19-06-2024
362,Kelly Castro,51,Male,PhD,"['Art', 'Programming']",09-12-2024,07-10-2024
363,Jason Blankenship,26,Other,High School,['Math'],02-10-2024,03-09-2024
364,Michael Webb,53,Female,Master’s,"['History', 'Programming', 'Business']",08-01-2024,25-01-2025
365,Laura Pacheco,56,Male,High School,['Math'],12-04-2024,13-10-2024
366,Terry Taylor,37,Other,PhD,"['Science', 'History']",06-08-2024,31-05-2024
367,Randy Douglas,25,Male,Master’s,"['Art', 'Science']",23-07-2024,25-12-2024
368,Jonathan Hernandez,53,Male,Bachelor’s,['History'],24-11-2024,01-04-2024
369,Lorraine Miller,18,Other,PhD,['History'],06-01-2024,26-07-2024
370,Vanessa Brown,23,Other,Bachelor’s,"['Art', 'History', 'Math']",09-06-2023,09-08-2024
371,Nicole Riley,57,Female,PhD,"['Business', 'Programming', 'Science']",01-06-2023,06-08-2024
372,George Murphy,45,Female,High School,"['Science', 'Programming', 'Math']",01-09-2024,04-08-2024
373,Lori Kennedy,51,Other,Bachelor’s,"['Science', 'Art']",01-04-2024,29-07-2024
374,William Leach,29,Female,PhD,"['Science', 'Art', 'History']",28-10-2024,28-12-2024
375,Shawn Parker,55,Male,Bachelor’s,"['Programming', 'Art', 'Business']",21-12-2023,10-04-2024
376,Hannah Patterson,57,Other,PhD,"['Art', 'Science', 'History']",02-01-2024,03-11-2024
377,Stephanie Moore,41,Male,High School,"['Programming', 'Business', 'Art']",11-05-2023,16-09-2024
378,Bonnie Moore,18,Male,High School,['Math'],08-06-2024,14-08-2024
379,Todd Martinez,50,Female,Bachelor’s,['Programming'],26-09-2023,26-05-2024
380,Shelley Long,19,Other,PhD,"['History', 'Business', 'Science']",15-11-2023,11-10-2024
381,James Williams,33,Female,PhD,"['Art', 'Business']",09-01-2025,06-11-2024
382,Philip Taylor,43,Male,Master’s,"['Programming', 'Art']",09-08-2024,04-05-2024
383,Jill Hill,19,Female,High School,"['Art', 'Math']",14-05-2023,10-01-2025
384,Jennifer Morales,32,Male,Master’s,"['Programming', 'Math', 'Art']",20-07-2024,30-04-2024
385,Karla Moore,27,Female,PhD,"['Art', 'Science']",05-12-2024,23-10-2024
386,Nicole Brooks,56,Other,PhD,"['Math', 'Programming']",30-01-2025,12-03-2024
387,Michael Richards,41,Other,PhD,['Math'],22-04-2024,11-12-2024
388,Mackenzie Fischer,41,Male,PhD,"['Business', 'Math', 'Science']",22-12-2023,09-02-2025
389,Alexandra Ward,32,Female,High School,"['Science', 'Programming']",06-05-2023,12-10-2024
390,Michael Bowen,47,Male,High School,"['Business', 'Math', 'Science']",17-02-2025,16-07-2024
391,Olivia Dean,36,Other,Master’s,"['Programming', 'Math', 'Business']",01-09-2023,08-05-2024
392,Sally Harrison,26,Male,Bachelor’s,"['Programming', 'Math', 'Art']",28-12-2024,24-10-2024
393,Peter Small,60,Male,Master’s,"['Business', 'Science', 'Math']",19-01-2025,17-02-2025
394,Kenneth Cline PhD,50,Female,Master’s,['Math'],03-03-2024,28-08-2024
395,Patricia Moore,21,Female,Bachelor’s,"['History', 'Math', 'Art']",20-11-2024,27-07-2024
396,Matthew Clark,44,Other,Master’s,"['Programming', 'Math', 'Business']",02-03-2024,12-08-2024
397,Kathleen Perez,47,Male,Bachelor’s,"['Business', 'Programming', 'History']",14-02-2024,10-01-2025
398,Jacqueline Smith,26,Female,Master’s,['History'],29-11-2024,18-09-2024
399,Michael Ramirez,57,Other,High School,['Science'],20-07-2023,14-12-2024
400,Stephanie Armstrong,57,Other,Bachelor’s,"['History', 'Programming']",14-01-2025,05-02-2025
401,Lynn Young,26,Other,Bachelor’s,"['Science', 'Art']",16-10-2023,29-03-2024
402,John Thomas,48,Female,PhD,"['Programming', 'Science', 'Art']",24-12-2024,01-11-2024
403,Michael Knox,43,Male,PhD,['Science'],02-08-2024,31-07-2024
404,Jessica Kim,57,Male,Bachelor’s,['Art'],15-03-2024,26-05-2024
405,Nicole Porter,56,Female,High School,"['Art', 'Science']",07-03-2025,02-11-2024
406,Jennifer Reese,49,Male,Bachelor’s,['Math'],11-03-2023,26-05-2024
407,Paige Dunn,51,Other,Bachelor’s,"['Business', 'Art', 'History']",13-10-2024,23-07-2024
408,James Davis,48,Male,Bachelor’s,"['Programming', 'Business', 'Art']",14-11-2024,20-02-2025
409,Michael Davis,26,Female,Master’s,"['Business', 'Programming']",31-12-2024,22-04-2024
410,Shawn Parks,48,Male,Master’s,"['Math', 'History']",25-08-2024,10-04-2024
411,William Wang,30,Other,PhD,"['Art', 'Math']",12-05-2023,09-03-2024
412,David Nguyen,39,Male,PhD,"['Programming', 'Science', 'Business']",01-01-2025,27-04-2024
413,Nichole Shelton,43,Male,PhD,"['Science', 'Math', 'Business']",14-08-2023,18-10-2024
414,Chad Taylor,21,Other,High School,"['Art', 'History', 'Science']",11-11-2023,21-04-2024
415,Mark Porter,35,Female,Master’s,"['Art', 'Science', 'Business']",16-03-2023,21-06-2024
416,James Turner,19,Female,PhD,['Science'],06-03-2024,15-09-2024
417,Stephanie Lee,53,Female,Bachelor’s,['Math'],28-04-2023,11-12-2024
418,Jessica James,51,Other,Master’s,"['Math', 'Programming', 'History']",08-08-2024,02-08-2024
419,Michael Torres,47,Female,High School,"['History', 'Science', 'Programming']",12-09-2023,29-09-2024
420,Alex Duncan,27,Female,Master’s,"['Science', 'Math', 'History']",05-11-2024,18-11-2024
421,Crystal Lamb,49,Female,Master’s,"['Science', 'Math', 'Programming']",26-05-2023,07-08-2024
422,Lisa Williams,33,Male,Bachelor’s,"['History', 'Business', 'Art']",26-11-2024,02-07-2024
423,Richard Farmer,59,Female,Master’s,['Business'],28-12-2023,24-08-2024
424,Christopher Jackson,45,Female,PhD,"['Math', 'Programming']",16-01-2025,21-10-2024
425,Shannon Jones,43,Male,Master’s,"['Math', 'Science']",29-03-2024,17-03-2024
426,Emily Walters,40,Male,PhD,"['Programming', 'History', 'Art']",05-07-2023,08-04-2024
427,Mallory Nelson,37,Male,High School,['Math'],21-05-2023,16-11-2024
428,James Bennett,39,Other,Master’s,"['Science', 'Art']",26-12-2023,10-08-2024
429,Daniel Ruiz,42,Other,Master’s,['Business'],01-11-2023,07-02-2025
430,Brandon Yu,24,Female,High School,['Programming'],09-04-2023,18-05-2024
431,Catherine Davis,41,Male,PhD,"['Business', 'History', 'Programming']",24-10-2023,28-06-2024
432,Hailey Myers,57,Female,High School,['Programming'],18-05-2024,16-03-2024
433,Noah Brooks,38,Other,High School,"['Science', 'History']",16-06-2024,29-01-2025
434,Joseph James,23,Female,Bachelor’s,['Science'],04-05-2024,09-03-2024
435,Jennifer Green,38,Other,PhD,['Programming'],13-08-2023,10-11-2024
436,Matthew Higgins,23,Male,Bachelor’s,"['Art', 'Programming']",23-11-2023,14-09-2024
437,Adam Vargas,57,Other,High School,"['Art', 'Math', 'History']",26-05-2024,15-07-2024
438,Sarah Rodriguez,38,Male,Master’s,"['Business', 'Art', 'Programming']",08-11-2023,02-10-2024
439,Corey James,39,Male,Master’s,['Science'],04-08-2024,13-12-2024
440,Yvonne Baker,21,Other,Master’s,['Science'],08-08-2024,25-12-2024
441,Sherry Thornton,18,Other,High School,"['Art', 'Science']",26-01-2025,24-07-2024
442,Natalie Gordon,27,Male,PhD,"['Business', 'Science', 'Art']",03-04-2024,25-05-2024
443,Dominique Lloyd,49,Other,High School,['Math'],30-11-2024,16-08-2024
444,Lacey Mclaughlin,27,Male,Master’s,"['Business', 'Programming']",05-07-2024,06-06-2024
445,Deanna Molina,34,Male,Bachelor’s,"['History', 'Math', 'Business']",16-11-2024,06-01-2025
446,Kelly Clay,26,Female,Bachelor’s,['Science'],25-06-2023,19-02-2025
447,Michelle Carpenter,21,Male,PhD,"['Programming', 'History']",10-10-2024,16-03-2024
448,Daniel Evans,48,Female,High School,"['Science', 'History']",10-11-2023,22-03-2024
449,Jill Norman,31,Other,PhD,"['Programming', 'History', 'Math']",31-07-2023,07-03-2025
450,Cynthia Smith,39,Male,PhD,"['Math', 'Business']",15-09-2024,24-01-2025
451,Caleb Romero,60,Other,PhD,['History'],05-09-2024,08-07-2024
452,Kenneth Stevens,52,Male,PhD,"['Math', 'Art']",14-05-2023,21-01-2025
453,Christopher Allen,52,Male,Master’s,"['History', 'Science', 'Math']",13-10-2023,15-12-2024
454,Bailey Cook,28,Male,Bachelor’s,"['History', 'Math', 'Programming']",30-07-2024,16-11-2024
455,Matthew Lee,19,Other,PhD,"['Art', 'Programming']",22-02-2025,02-02-2025
456,Matthew Day,49,Male,Master’s,['Science'],22-06-2024,24-07-2024
457,Jennifer Marsh,24,Male,Master’s,"['History', 'Programming']",29-12-2024,25-05-2024
458,Michelle Burton,40,Male,Master’s,"['Math', 'Science', 'Business']",13-03-2023,17-04-2024
459,Michelle Allen,43,Male,Master’s,"['Science', 'History']",04-10-2023,30-05-2024
460,Amy Harrison,55,Female,Master’s,"['History', 'Business', 'Programming']",25-10-2023,31-03-2024
461,Teresa Guerrero,20,Other,PhD,['Art'],30-06-2023,17-08-2024
462,Susan Holt,49,Female,High School,['Art'],01-10-2024,28-05-2024
463,Chase Lloyd,33,Male,PhD,['Science'],14-07-2024,18-10-2024
464,Brian Thomas,58,Other,PhD,"['Science', 'Business', 'Math']",13-07-2024,27-10-2024
465,Steven Moran,52,Male,PhD,"['Programming', 'Math', 'Art']",20-01-2025,13-11-2024
466,Alexis Ross,25,Other,PhD,"['Business', 'Science']",25-12-2023,13-10-2024
467,Kristina Stevenson,34,Other,High School,['History'],13-01-2024,11-10-2024
468,John Solomon,49,Male,Master’s,"['Business', 'Art', 'History']",05-11-2024,31-03-2024
469,Melissa Barton,45,Female,High School,"['Math', 'Business', 'Art']",10-04-2024,21-03-2024
470,Sarah Dunn,42,Other,High School,"['Math', 'Science']",25-12-2023,09-01-2025
471,Daniel Rivera,18,Male,High School,['Programming'],18-07-2023,21-04-2024
472,Joseph Barrett,38,Female,PhD,"['Art', 'Business', 'Math']",10-01-2024,14-06-2024
473,Jordan Young,37,Female,High School,"['Math', 'Business', 'Art']",14-07-2024,13-05-2024
474,Luke Lewis,28,Female,PhD,"['Programming', 'Business', 'History']",07-03-2024,20-04-2024
475,Marcus Guerra,28,Other,PhD,['Business'],29-10-2023,12-10-2024
476,Angela Lopez,57,Male,PhD,"['Art', 'Programming', 'Science']",25-05-2023,28-02-2025
477,Jennifer Le,40,Female,Bachelor’s,['Programming'],10-06-2024,09-12-2024
478,Dennis Nelson,40,Male,Bachelor’s,['Math'],31-12-2024,11-02-2025
479,Pamela Young,26,Male,Bachelor’s,"['Programming', 'History']",17-08-2024,19-08-2024
480,Paul Andrews,60,Male,High School,['History'],04-12-2023,28-09-2024
481,Joshua Jones,41,Male,PhD,['Math'],11-12-2024,24-05-2024
482,Nicholas Hernandez,42,Female,Master’s,"['Programming', 'Science']",18-04-2023,20-07-2024
483,Sabrina Morgan,29,Male,Bachelor’s,"['Programming', 'Science', 'Art']",29-07-2024,12-12-2024
484,Emily Clark,37,Other,Master’s,"['Business', 'History']",09-03-2024,15-05-2024
485,Francisco Trevino MD,56,Male,PhD,"['Programming', 'Math']",01-09-2024,21-06-2024
486,Kimberly Garcia,45,Male,PhD,"['Business', 'Programming', 'History']",10-11-2024,28-11-2024
487,Matthew Gray,53,Other,Bachelor’s,['Business'],12-08-2023,25-12-2024
488,Kelly Olson,51,Other,PhD,['Programming'],06-12-2024,04-06-2024
489,Jessica Smith,47,Other,PhD,"['Programming', 'History', 'Science']",24-03-2024,03-12-2024
490,David Phillips,21,Male,High School,['Business'],18-07-2024,24-01-2025
491,Lisa Lambert,30,Other,Master’s,['Math'],01-01-2025,20-03-2024
492,Jamie Stewart,36,Other,Master’s,"['History', 'Math']",13-12-2024,08-09-2024
493,Alicia Nguyen,29,Male,Bachelor’s,['Programming'],20-07-2023,15-11-2024
494,Ashley Sanders,45,Male,Master’s,"['Math', 'Business']",24-07-2024,25-09-2024
495,Glenn Williamson,43,Other,Master’s,"['History', 'Programming', 'Business']",14-01-2025,23-06-2024
496,Tammy Carrillo,28,Male,Bachelor’s,"['Business', 'Science', 'History']",27-08-2023,30-09-2024
497,William Parker,59,Male,PhD,['Science'],21-08-2023,25-07-2024
498,Arthur Bowman,33,Female,Bachelor’s,"['Art', 'Business', 'Programming']",16-08-2024,24-05-2024
499,Kyle Simon,50,Female,High School,['Art'],27-12-2023,13-07-2024
500,William Hicks,28,Other,PhD,"['Math', 'Art']",15-01-2024,30-03-2024
501,Jose Collins,20,Female,Bachelor’s,"['Business', 'Math']",07-06-2023,11-04-2024
502,Melissa Lopez,37,Female,Bachelor’s,['Business'],17-11-2024,16-04-2024
503,Andrea Myers,27,Male,Bachelor’s,"['Art', 'Math']",29-11-2024,04-06-2024
504,Sarah Horton,22,Female,Master’s,"['Art', 'History']",31-01-2024,05-01-2025
505,Victoria Zavala MD,49,Male,PhD,"['History', 'Science']",28-03-2024,15-02-2025
506,Dustin Wilson,37,Male,Master’s,"['Science', 'History', 'Math']",28-08-2024,28-05-2024
507,Michelle Warren,23,Other,PhD,"['History', 'Business', 'Science']",27-10-2023,05-08-2024
508,Lori Smith,18,Female,PhD,"['History', 'Business']",12-06-2023,22-08-2024
509,Angela Scott,51,Other,Bachelor’s,['Programming'],22-11-2023,03-08-2024
510,Melanie Sandoval,33,Male,High School,"['History', 'Programming', 'Science']",09-07-2024,29-01-2025
511,Katrina Brooks,56,Male,PhD,['Science'],25-12-2023,27-11-2024
512,Jessica Owens,35,Female,PhD,"['Science', 'History', 'Math']",19-01-2024,28-02-2025
513,Allen Lucas,37,Other,Bachelor’s,['Art'],01-09-2023,28-04-2024
514,Elizabeth Molina,35,Female,Bachelor’s,"['Math', 'History', 'Programming']",19-11-2024,27-01-2025
515,Robin Paul,22,Female,Bachelor’s,"['History', 'Math']",23-12-2024,25-11-2024
516,Courtney Reynolds,45,Other,PhD,"['History', 'Science']",14-07-2023,25-05-2024
517,Jennifer Schroeder,49,Male,Bachelor’s,['History'],24-10-2024,30-12-2024
518,Alexandria Collins,36,Male,High School,"['Science', 'Art', 'History']",16-02-2024,11-06-2024
519,Paul Ruiz,21,Female,Bachelor’s,"['Art', 'Business']",08-12-2024,21-12-2024
520,Scott Kim,23,Other,PhD,['History'],19-08-2023,11-11-2024
521,Michael Gibson,37,Female,High School,"['Art', 'Business', 'Math']",07-10-2023,20-11-2024
522,Dennis Taylor,30,Male,PhD,"['Math', 'Science', 'History']",16-06-2024,15-07-2024
523,Roy Hernandez,58,Male,Bachelor’s,"['Science', 'History']",23-04-2023,26-03-2024
524,James Mason,21,Female,Master’s,"['Science', 'Business', 'Math']",06-01-2025,18-03-2024
525,Jose Schroeder,22,Other,High School,"['Business', 'History']",22-03-2023,02-04-2024
526,Mark Brown,34,Female,Master’s,['Math'],25-02-2025,12-02-2025
527,Jacqueline Williams,45,Other,PhD,"['Business', 'History', 'Programming']",25-08-2023,17-08-2024
528,Vincent Garcia,60,Other,Master’s,"['Programming', 'Science', 'History']",23-10-2024,15-07-2024
529,Heather Hayes,53,Other,Master’s,['Science'],09-01-2024,21-12-2024
530,Shelley Bond,18,Female,Bachelor’s,"['Art', 'Programming', 'History']",05-02-2024,06-10-2024
531,Taylor Maxwell,60,Other,PhD,"['Business', 'Programming']",26-02-2025,19-02-2025
532,Briana Williams,57,Male,PhD,"['History', 'Business', 'Math']",04-11-2023,04-03-2025
533,Lee Marsh MD,45,Male,Master’s,"['History', 'Science']",25-10-2023,21-06-2024
534,Susan Cannon,22,Male,Bachelor’s,"['Science', 'Art', 'History']",16-04-2024,28-04-2024
535,Elizabeth Wallace,28,Female,PhD,"['Programming', 'Math', 'History']",12-07-2024,14-06-2024
536,Jay Warner,56,Male,PhD,"['Business', 'Math']",27-08-2023,24-01-2025
537,Emma Leonard,31,Other,Master’s,['Science'],08-11-2024,09-11-2024
538,Justin Miller,36,Female,PhD,"['Business', 'History', 'Math']",20-01-2025,23-09-2024
539,Kristopher Silva,57,Male,PhD,"['History', 'Science', 'Art']",21-04-2024,29-03-2024
540,Angela Hansen,37,Female,Bachelor’s,"['Business', 'Science']",17-01-2025,18-09-2024
541,Carol Cline,21,Other,High School,"['Business', 'Programming', 'Science']",18-06-2023,11-02-2025
542,Joseph Rodriguez,32,Male,Bachelor’s,"['Business', 'Math', 'Programming']",09-04-2024,08-03-2025
543,Connor Oliver,59,Male,Master’s,"['Programming', 'Art']",02-01-2024,22-02-2025
544,Jaime Bruce,60,Female,Master’s,['History'],21-09-2024,15-12-2024
545,Robert Bernard,35,Female,Master’s,['Business'],20-10-2023,06-04-2024
546,Bethany Byrd,45,Male,Master’s,['Science'],20-09-2024,16-10-2024
547,Marvin Reynolds,22,Male,Bachelor’s,['Math'],25-08-2024,23-08-2024
548,Bridget Ramos,56,Other,PhD,"['History', 'Science']",03-07-2024,20-04-2024
549,Monica Mckinney,53,Female,Bachelor’s,"['Science', 'History', 'Art']",31-12-2023,25-10-2024
550,Lawrence Dickerson,34,Other,Master’s,"['Art', 'Science']",15-08-2023,08-07-2024
551,Jose Mejia,21,Female,PhD,"['Programming', 'Math', 'Art']",23-03-2023,03-10-2024
552,Jo Russell,27,Other,High School,"['Math', 'Programming']",17-05-2023,18-05-2024
553,Tracy Watson,31,Male,Master’s,"['Programming', 'Business', 'Art']",21-06-2024,19-01-2025
554,Amanda Jackson,56,Male,PhD,['History'],06-05-2024,06-02-2025
555,Austin Carter,59,Female,Bachelor’s,"['Math', 'Art']",14-08-2024,28-06-2024
556,Dr. Alexander Kemp,32,Male,Bachelor’s,"['Science', 'Art']",14-10-2023,12-05-2024
557,Deborah Todd,31,Female,Master’s,"['Science', 'Programming', 'Business']",15-10-2023,25-02-2025
558,Joseph Cooper,29,Other,High School,['Business'],13-03-2023,17-02-2025
559,Kimberly Watkins,38,Male,High School,"['Business', 'Science']",02-06-2024,25-09-2024
560,Ryan Reyes,21,Female,Master’s,['Science'],25-01-2025,21-08-2024
561,Megan Odom,53,Male,PhD,['Business'],25-09-2024,22-07-2024
562,Richard Watson,54,Male,PhD,"['Business', 'Science']",11-09-2024,05-10-2024
563,Heather Cummings,27,Other,High School,"['Math', 'History']",05-02-2025,27-06-2024
564,Daniel Johnson,60,Other,PhD,['Programming'],07-04-2024,05-10-2024
565,Teresa Mejia,50,Female,High School,['Math'],28-10-2024,18-04-2024
566,Danny Rogers,28,Male,PhD,"['Art', 'Math']",18-01-2025,08-10-2024
567,Robin Nguyen,41,Other,High School,"['Art', 'Programming']",24-07-2023,28-08-2024
568,Ralph Massey,18,Male,Master’s,['Science'],15-02-2025,14-10-2024
569,Heather Oneill,35,Female,Bachelor’s,['Programming'],07-01-2025,25-09-2024
570,Robert Garcia,42,Other,High School,['Math'],02-10-2024,11-01-2025
571,Yvonne Riley,20,Other,PhD,['Science'],12-08-2023,25-02-2025
572,Chad Brown,26,Other,PhD,['Business'],21-10-2024,02-11-2024
573,Benjamin Blair,31,Male,Master’s,['History'],01-08-2024,30-10-2024
574,Jill Montgomery,52,Male,Bachelor’s,['Business'],16-09-2024,18-09-2024
575,Catherine Carson,45,Male,Master’s,['Math'],17-02-2025,10-11-2024
576,Mr. Cody Hart,50,Female,PhD,['Science'],17-12-2024,11-08-2024
577,Dwayne Barnett,18,Other,Master’s,"['Business', 'Math', 'Art']",06-02-2025,01-01-2025
578,Larry Lambert,53,Female,High School,"['Business', 'Math']",02-04-2024,27-12-2024
579,Rachel Miranda,53,Male,Bachelor’s,"['History', 'Programming']",18-04-2023,27-08-2024
580,Mr. Jason Lam,20,Female,PhD,"['Math', 'Programming', 'Business']",14-06-2024,09-09-2024
581,Sherry Gomez,32,Female,High School,"['Math', 'Programming', 'Science']",24-01-2025,04-04-2024
582,Lisa Holloway,50,Other,PhD,"['Business', 'Science', 'Programming']",02-08-2023,25-01-2025
583,Jonathan White,37,Other,PhD,"['Science', 'Math']",29-12-2023,23-12-2024
584,James Morrison PhD,25,Male,Master’s,['History'],29-01-2025,26-06-2024
585,Christopher Mills,57,Other,High School,['Art'],04-07-2024,14-11-2024
586,Christina Hall,50,Male,High School,['Art'],16-06-2023,08-10-2024
587,Emily Fox,25,Male,Master’s,"['History', 'Science', 'Business']",22-10-2023,26-06-2024
588,William Pitts,48,Other,Master’s,"['Business', 'Math']",26-02-2024,12-05-2024
589,Vanessa Flynn,33,Male,Master’s,"['History', 'Business', 'Art']",10-10-2023,28-12-2024
590,Donald Taylor,59,Male,High School,"['Business', 'Math']",22-06-2024,04-12-2024
591,Hannah Irwin,43,Other,Master’s,['Programming'],03-02-2025,10-01-2025
592,Brittney Dunn,51,Male,Bachelor’s,"['Science', 'History']",10-11-2024,23-07-2024
593,Anita Pineda,41,Female,Bachelor’s,"['Business', 'Programming', 'Art']",28-12-2024,24-11-2024
594,Kristin Beltran,34,Other,PhD,"['Programming', 'Math', 'Science']",12-12-2024,03-07-2024
595,Charles Moore,59,Male,Bachelor’s,"['Programming', 'Science']",17-02-2025,04-09-2024
596,Gregory Bailey,55,Other,Master’s,"['History', 'Art']",11-03-2024,16-06-2024
597,Christopher Lee,22,Female,Bachelor’s,['Art'],27-09-2023,26-04-2024
598,Aaron Snyder,51,Female,High School,"['History', 'Business']",15-06-2023,15-09-2024
599,Dominique Mcdowell,30,Other,PhD,"['History', 'Art', 'Business']",10-05-2023,26-05-2024
600,Eric Brown,31,Female,Bachelor’s,['Math'],25-02-2024,20-09-2024
601,Christian Chavez,19,Other,High School,"['History', 'Science', 'Business']",27-02-2024,15-07-2024
602,Brian Reid,40,Other,High School,"['Science', 'History']",07-10-2023,26-07-2024
603,Adam Wallace,34,Female,PhD,"['Science', 'History']",29-06-2023,20-06-2024
604,Donna Williams,29,Male,Master’s,['Business'],21-06-2023,08-09-2024
605,Joy Campbell,49,Female,Bachelor’s,['Art'],05-05-2023,06-03-2025
606,Roy Bishop,20,Other,Bachelor’s,['Programming'],08-03-2025,12-01-2025
607,Nina Palmer,55,Female,Master’s,"['Math', 'Science']",04-08-2024,19-01-2025
608,Karen Garcia,34,Other,Master’s,['Art'],20-09-2024,16-01-2025
609,Kristen Rodriguez,27,Female,Bachelor’s,['Science'],26-09-2024,28-01-2025
610,Hannah Knox,28,Female,Bachelor’s,"['Business', 'Math']",26-11-2023,28-02-2025
611,Carol Wise,53,Male,Master’s,['Programming'],04-07-2024,05-03-2025
612,Daisy Brady,44,Female,PhD,"['Business', 'Art']",25-11-2023,09-07-2024
613,Pamela Joseph,48,Other,Bachelor’s,['Programming'],30-06-2023,08-01-2025
614,Chad Newman,51,Female,Master’s,['Programming'],15-01-2025,28-08-2024
615,Kristy Young,33,Female,PhD,"['Programming', 'History', 'Science']",07-10-2023,20-12-2024
616,Christopher Garza,38,Female,PhD,['Art'],04-06-2023,28-04-2024
617,Ashley Strickland,26,Male,High School,"['Math', 'History', 'Programming']",02-01-2024,23-01-2025
618,Daniel Hall,22,Female,Master’s,"['Business', 'Art', 'Programming']",26-12-2024,14-05-2024
619,Brent Bailey,35,Male,Master’s,"['Math', 'Programming']",09-09-2024,22-10-2024
620,Renee Miller,55,Other,PhD,"['Art', 'Programming']",02-07-2023,25-03-2024
621,Dawn Salazar,45,Other,Master’s,"['Math', 'Science']",25-09-2023,21-02-2025
622,Jasmine Stone,29,Male,PhD,"['Business', 'Science']",20-02-2024,13-07-2024
623,James Bowen,48,Male,Bachelor’s,"['History', 'Art', 'Science']",14-02-2025,13-01-2025
624,Raymond Miller,19,Female,PhD,"['Math', 'Science', 'History']",02-01-2024,28-06-2024
625,Cassandra Diaz,49,Male,High School,"['Programming', 'Science']",15-01-2024,15-01-2025
626,Erica Krause,41,Male,Master’s,"['Business', 'Programming', 'Math']",20-12-2024,19-09-2024
627,Ashley Adams,33,Other,Master’s,"['Art', 'Business', 'Math']",30-11-2023,07-11-2024
628,Shawn Peterson,29,Other,PhD,['Science'],14-01-2025,15-02-2025
629,Zachary Hines,39,Male,PhD,"['Business', 'Art', 'Programming']",07-05-2023,13-11-2024
630,Debra Pittman,19,Other,Bachelor’s,"['History', 'Business', 'Programming']",14-07-2024,11-01-2025
631,Jacob Martin,36,Male,Master’s,"['Programming', 'Business']",15-05-2024,22-02-2025
632,Julie Robertson,25,Female,High School,"['Math', 'Programming', 'History']",11-02-2024,02-05-2024
633,Kristin Snow,46,Male,Master’s,['Science'],23-09-2024,26-05-2024
634,Jordan Archer,52,Female,High School,"['Art', 'Math', 'Programming']",15-03-2024,03-08-2024
635,Luke Mueller,23,Other,Master’s,"['Business', 'Programming', 'Science']",11-08-2023,18-08-2024
636,Devin Carter,37,Male,PhD,"['Science', 'Art', 'Math']",04-10-2023,15-09-2024
637,Stephanie Yates,27,Female,High School,"['Business', 'Art']",14-08-2023,26-01-2025
638,Donna Taylor,46,Other,High School,['Programming'],24-09-2024,10-03-2024
639,Robert Daniels,55,Female,Master’s,"['Science', 'Math', 'History']",12-10-2024,30-05-2024
640,Heather Lewis,54,Male,High School,['Business'],02-08-2024,11-06-2024
641,Michael Williams,40,Other,High School,"['Art', 'Business']",04-10-2024,19-07-2024
642,Jesus Bennett,55,Other,PhD,['Art'],17-01-2025,04-12-2024
643,Katherine Lucas,60,Female,Bachelor’s,"['Business', 'History']",06-07-2024,21-01-2025
644,Micheal Hunt,50,Male,High School,"['Science', 'Art']",13-06-2024,25-06-2024
645,Jacqueline Wilson,21,Male,PhD,"['History', 'Programming']",26-05-2024,16-01-2025
646,Carlos Acevedo,43,Other,High School,"['Business', 'Science', 'Math']",13-05-2024,20-12-2024
647,Kristen Davis,47,Other,PhD,['Business'],28-12-2024,12-03-2024
648,Scott Carroll,42,Other,Master’s,['History'],14-04-2023,20-11-2024
649,Travis Lin,21,Other,Master’s,"['Business', 'Art', 'Programming']",21-01-2024,09-02-2025
650,Dennis Wilkerson,34,Other,High School,"['Programming', 'History', 'Math']",26-06-2024,07-02-2025
651,Richard Phelps,56,Female,PhD,"['Business', 'Science']",11-06-2023,22-11-2024
652,Justin Miller,40,Other,High School,"['Math', 'Art', 'Science']",19-10-2023,27-09-2024
653,Steven Navarro,54,Female,Bachelor’s,['Art'],26-10-2024,16-07-2024
654,Andrew Marsh,23,Male,Bachelor’s,['Math'],18-05-2024,14-01-2025
655,Latoya Walker,18,Female,High School,"['Science', 'History', 'Math']",02-05-2023,25-11-2024
656,Aaron Phillips,41,Female,High School,"['Business', 'History', 'Art']",15-02-2024,11-01-2025
657,Matthew Roberson,34,Other,High School,"['Business', 'History', 'Programming']",14-08-2024,27-02-2025
658,Todd Cross,46,Other,Master’s,"['Business', 'Art', 'Programming']",17-06-2024,06-11-2024
659,Christine Roberson,31,Other,Bachelor’s,"['Art', 'Science']",17-08-2024,20-09-2024
660,Karen Miller,40,Other,Bachelor’s,"['History', 'Art', 'Math']",02-05-2024,03-12-2024
661,Valerie Terry,27,Male,Master’s,"['Programming', 'Art', 'Business']",01-05-2023,17-11-2024
662,Kevin Williams,35,Other,Bachelor’s,['Business'],09-02-2024,23-08-2024
663,Melissa Diaz,19,Male,High School,['Business'],31-01-2024,04-05-2024
664,Catherine Pena,49,Other,PhD,"['Programming', 'Science']",22-07-2024,27-03-2024
665,Dr. Jason Sullivan II,52,Other,Master’s,"['Programming', 'Business']",28-12-2023,05-11-2024
666,Sarah Ewing,38,Other,High School,"['History', 'Science']",20-02-2025,12-05-2024
667,Amanda Woodward,35,Other,PhD,"['Art', 'Math', 'Programming']",24-12-2024,22-08-2024
668,Daniel Johnson,60,Female,Master’s,"['Business', 'Art']",19-09-2023,05-02-2025
669,Jordan Cook,21,Male,PhD,['History'],26-05-2023,08-04-2024
670,Amber Rivera,31,Female,Bachelor’s,"['Science', 'Math']",24-08-2024,13-08-2024
671,Austin Bates,58,Male,Bachelor’s,"['Art', 'Science']",27-09-2023,13-06-2024
672,Logan Wade,30,Male,High School,['History'],28-03-2024,04-06-2024
673,Charlotte Tucker,30,Male,Bachelor’s,"['Art', 'Programming', 'Business']",21-11-2023,12-01-2025
674,Jamie Wilson,60,Male,High School,"['Art', 'Programming', 'Business']",26-09-2024,26-11-2024
675,Jillian Norman,53,Male,Master’s,"['Programming', 'Art']",06-03-2024,23-08-2024
676,Michael Martinez,40,Female,Bachelor’s,['History'],10-11-2023,14-01-2025
677,Lori Smith,19,Male,PhD,"['Math', 'Programming']",12-04-2023,29-12-2024
678,Shannon Gonzalez,19,Female,PhD,['Programming'],20-10-2023,03-04-2024
679,Matthew Palmer,21,Male,High School,"['Science', 'Business', 'History']",06-02-2024,25-04-2024
680,Caitlin Mercer,23,Other,PhD,['Art'],05-11-2024,31-05-2024
681,Jessica Johnston,47,Male,Bachelor’s,"['Math', 'Programming']",23-03-2024,13-05-2024
682,Frances Edwards,40,Female,High School,"['Business', 'History']",14-04-2024,18-02-2025
683,Cynthia Small,21,Female,PhD,['Science'],01-11-2023,28-01-2025
684,Jorge Baldwin,22,Male,Master’s,['Art'],08-12-2023,18-05-2024
685,Michael Stokes,35,Female,Master’s,['Science'],19-10-2023,16-12-2024
686,Joseph Simpson,21,Other,High School,"['Science', 'Math']",22-05-2024,31-05-2024
687,Frank Burns,57,Male,Bachelor’s,"['Science', 'Math', 'Programming']",11-01-2024,03-08-2024
688,Danielle Stone,58,Other,PhD,"['Business', 'History', 'Math']",03-01-2025,26-09-2024
689,Michelle Avila,40,Male,High School,"['Math', 'History', 'Business']",14-05-2024,29-05-2024
690,Carrie Stewart,37,Other,PhD,"['Math', 'Science']",17-10-2024,04-08-2024
691,Angel James,32,Female,High School,"['History', 'Math', 'Business']",04-12-2023,28-02-2025
692,Mark Keller,20,Other,Bachelor’s,"['History', 'Science']",26-04-2023,19-09-2024
693,Amy White,46,Female,Bachelor’s,"['Business', 'Science', 'Programming']",14-09-2024,30-07-2024
694,Hannah Harrison,20,Other,Master’s,"['Programming', 'History', 'Science']",26-09-2024,16-09-2024
695,Jasmine Soto,37,Female,PhD,['Art'],07-06-2024,25-08-2024
696,Timothy Curry,60,Other,Bachelor’s,"['Programming', 'Math', 'Business']",20-03-2023,26-05-2024
697,Laura Rios,29,Male,Master’s,"['Programming', 'Science', 'History']",20-03-2023,28-12-2024
698,Zachary Bates,48,Other,High School,"['Business', 'Art']",27-04-2024,25-04-2024
699,Oscar Hughes,19,Other,Bachelor’s,"['Business', 'Science', 'Art']",08-06-2024,27-09-2024
700,Wayne Hickman,39,Female,Bachelor’s,['History'],19-05-2023,16-06-2024
701,Lisa Miller,21,Female,High School,['Science'],18-07-2023,20-10-2024
702,James Jordan,27,Male,High School,"['Math', 'Science', 'Business']",02-01-2025,12-06-2024
703,Christopher Miller,46,Female,Bachelor’s,"['Art', 'Math']",06-01-2025,12-05-2024
704,John Coleman,53,Male,Master’s,['Business'],09-03-2025,04-01-2025
705,Erin Williamson,21,Male,PhD,"['Art', 'Math']",27-12-2023,01-01-2025
706,Valerie Brown,49,Female,PhD,"['Art', 'Science', 'Business']",10-01-2025,02-04-2024
707,Monique Morgan,56,Other,Master’s,"['Programming', 'Art', 'Business']",20-06-2023,13-10-2024
708,Paul Spears,39,Female,Bachelor’s,"['Programming', 'Math']",19-08-2023,06-06-2024
709,Theodore Green,45,Female,PhD,['Programming'],31-12-2024,15-10-2024
710,Joshua Hill,41,Female,PhD,"['Business', 'Math', 'Programming']",18-06-2024,02-09-2024
711,Steve Smith,29,Male,PhD,"['History', 'Business']",13-11-2024,16-06-2024
712,Richard Taylor,26,Female,Master’s,"['Art', 'Science', 'Math']",26-03-2023,14-03-2024
713,Adam Harrison,46,Male,Master’s,"['Science', 'History']",02-01-2025,27-06-2024
714,Sonya Oliver,45,Male,Bachelor’s,['Art'],19-03-2024,09-10-2024
715,Mrs. Elizabeth Jones,20,Male,PhD,['Art'],14-06-2024,28-04-2024
716,Susan Parsons,28,Other,Bachelor’s,"['Programming', 'Art']",07-01-2025,11-11-2024
717,Julie Baker,51,Female,High School,"['Programming', 'Math']",08-06-2023,16-01-2025
718,Robin Jennings,50,Other,High School,['Business'],21-04-2023,07-12-2024
719,Nicholas Medina,47,Female,PhD,"['Programming', 'Art', 'Math']",09-03-2024,24-07-2024
720,Alexis Fisher,37,Female,High School,"['Math', 'Programming']",05-07-2023,10-06-2024
721,Laura Burns,40,Female,High School,"['Business', 'Art']",27-01-2025,23-07-2024
722,Shane Cain,43,Female,High School,['Art'],05-04-2024,21-05-2024
723,Jocelyn Christian,42,Male,Bachelor’s,"['Programming', 'Science', 'Art']",05-04-2023,02-05-2024
724,Mr. Ethan Reynolds MD,57,Female,PhD,"['Business', 'Art']",18-06-2023,07-11-2024
725,Heather Campbell,53,Other,Bachelor’s,"['History', 'Programming']",05-08-2023,22-12-2024
726,Joshua Sparks,53,Female,High School,['Business'],04-03-2024,08-01-2025
727,Emily Ramos,18,Male,Bachelor’s,['Programming'],14-09-2024,22-02-2025
728,Cheryl Duran,23,Other,Bachelor’s,['Art'],05-05-2023,17-03-2024
729,Stephanie Taylor,30,Male,High School,"['Art', 'Science']",20-04-2024,13-10-2024
730,Tiffany Greer,26,Male,PhD,"['Science', 'History', 'Business']",06-10-2023,04-08-2024
731,Michael Riley,50,Male,PhD,['Business'],16-07-2024,16-01-2025
732,Cynthia Baldwin,46,Other,Master’s,['Business'],27-09-2024,08-11-2024
733,Donald Morrison,21,Male,Master’s,"['Math', 'Art']",19-07-2024,28-10-2024
734,Allison Mckee,41,Other,PhD,['Art'],13-01-2024,07-05-2024
735,Sandra Williams,36,Other,Master’s,"['Art', 'Business']",07-03-2024,30-04-2024
736,Julie Deleon,25,Other,High School,['Art'],30-05-2024,27-08-2024
737,Erika Sweeney,21,Female,Master’s,"['Programming', 'Art']",14-11-2023,08-07-2024
738,Wendy Williams,55,Male,Bachelor’s,['History'],10-10-2024,17-05-2024
739,Darlene Gibbs,50,Male,PhD,"['Business', 'Art', 'Science']",30-05-2024,21-07-2024
740,Susan Baker,53,Male,Bachelor’s,"['Programming', 'Art']",23-08-2024,15-12-2024
741,Sara Martinez,28,Female,High School,"['Business', 'History', 'Math']",11-11-2024,25-09-2024
742,Lisa Williams,46,Female,High School,"['History', 'Programming']",10-09-2023,27-03-2024
743,Jessica Chase,35,Male,PhD,['Science'],14-10-2024,16-09-2024
744,Tyler Rogers,24,Other,Master’s,"['Programming', 'Art', 'Math']",30-11-2023,06-08-2024
745,Rhonda Combs,37,Female,High School,"['Business', 'Programming']",24-03-2023,05-05-2024
746,Katherine Lamb,50,Male,Bachelor’s,"['Business', 'Art']",30-08-2024,24-12-2024
747,Jordan Lawrence,34,Female,PhD,"['Programming', 'History']",15-01-2025,17-03-2024
748,Alexis Barnes DDS,39,Female,Bachelor’s,['History'],27-10-2023,06-01-2025
749,Lauren Brown,27,Other,High School,['Science'],24-11-2023,16-01-2025
750,Ronald White,30,Female,Master’s,['History'],01-09-2024,28-08-2024
751,Kenneth Carter,44,Other,Bachelor’s,"['Math', 'Art']",16-08-2023,22-10-2024
752,Karen Williams,41,Other,Bachelor’s,['Programming'],20-02-2024,30-12-2024
753,Mr. Justin Robinson Jr.,36,Male,Bachelor’s,"['History', 'Business']",18-03-2024,03-04-2024
754,Matthew Rodriguez,29,Male,Master’s,"['Math', 'Science', 'History']",27-08-2023,08-04-2024
755,Jessica Ramirez,54,Female,Bachelor’s,"['Art', 'Business']",27-09-2023,23-12-2024
756,Kathleen Simpson,57,Female,PhD,['Business'],14-06-2023,30-06-2024
757,Mikayla Cruz,32,Female,High School,['Programming'],09-09-2024,02-03-2025
758,Sara Castillo DDS,18,Other,High School,['Business'],13-12-2024,14-12-2024
759,David Pham,28,Other,Master’s,"['Art', 'Business']",26-03-2023,04-04-2024
760,Rachel Everett,29,Female,Bachelor’s,"['Programming', 'Art', 'History']",28-12-2023,14-08-2024
761,Ryan Jefferson,54,Female,High School,['Business'],02-11-2023,05-02-2025
762,Jennifer Taylor,54,Female,PhD,"['Programming', 'Business', 'Math']",16-10-2024,22-10-2024
763,David Hardy,21,Other,PhD,['Science'],13-12-2023,06-11-2024
764,Margaret Peterson,23,Male,Bachelor’s,['Math'],25-07-2023,20-04-2024
765,Cody Torres,29,Male,Bachelor’s,"['Business', 'Science']",02-08-2023,28-01-2025
766,Louis Hubbard,51,Male,High School,['Science'],11-01-2024,31-07-2024
767,Anthony Williams,58,Male,PhD,"['Business', 'Art', 'Math']",11-08-2024,12-11-2024
768,Felicia Johnson,44,Female,PhD,"['History', 'Programming']",09-07-2023,04-03-2025
769,Ryan Lopez,28,Other,Bachelor’s,"['Business', 'History', 'Math']",11-12-2023,27-06-2024
770,Joshua May,27,Other,High School,"['Art', 'History']",15-11-2024,16-06-2024
771,Phillip Matthews,58,Other,PhD,"['Art', 'History', 'Math']",17-06-2023,05-10-2024
772,Autumn Strickland,24,Other,PhD,"['Science', 'Art']",15-01-2024,20-06-2024
773,Tracey Forbes,41,Other,Master’s,"['Programming', 'Art']",04-02-2024,25-06-2024
774,Anne Meyers,24,Female,PhD,['Science'],05-05-2024,17-04-2024
775,Kristin Daugherty,20,Other,Master’s,"['Science', 'Business', 'Math']",05-01-2025,03-10-2024
776,Carlos Mcguire,58,Other,High School,"['Science', 'Math']",06-03-2024,17-11-2024
777,Maurice Mcpherson,28,Male,Bachelor’s,"['Math', 'Programming', 'Business']",19-04-2024,09-05-2024
778,Kevin Sosa,48,Female,PhD,"['Science', 'Art']",13-02-2024,20-05-2024
779,John Dominguez,30,Female,PhD,"['Science', 'Art', 'Programming']",21-04-2023,13-07-2024
780,Cole Harrington,18,Male,Master’s,['Business'],23-06-2024,11-07-2024
781,Kristina Smith,44,Female,Master’s,"['History', 'Math', 'Business']",27-06-2023,29-11-2024
782,Edward Hawkins,33,Female,Master’s,['Science'],16-02-2024,16-11-2024
783,Laura May,44,Female,PhD,['Programming'],22-11-2024,11-09-2024
784,Jennifer Williams,58,Other,PhD,"['Math', 'Science']",28-02-2025,07-11-2024
785,Maria Hale,27,Female,Bachelor’s,"['Science', 'Business']",07-10-2024,03-12-2024
786,Renee Lawson,31,Other,High School,"['Science', 'Math']",30-04-2023,22-09-2024
787,Samantha Stanley,25,Other,PhD,"['Math', 'Science', 'Business']",06-03-2025,13-12-2024
788,Timothy Chavez,31,Male,PhD,"['Art', 'Math', 'History']",15-06-2024,25-11-2024
789,Andrew Bauer,60,Other,Bachelor’s,['Science'],01-02-2025,08-09-2024
790,Amy Finley,18,Female,Master’s,['Science'],13-04-2023,28-04-2024
791,Michael Hall,29,Other,Bachelor’s,"['Programming', 'Art', 'Business']",20-03-2023,09-06-2024
792,Michael Chase,59,Female,High School,['Business'],11-12-2024,09-07-2024
793,Denise Romero,57,Other,High School,"['Art', 'Business']",15-03-2023,24-03-2024
794,Drew Moran,37,Male,Master’s,"['Business', 'Science', 'Math']",23-08-2024,27-04-2024
795,Kimberly Jordan,23,Other,PhD,"['Business', 'History', 'Science']",25-03-2023,24-02-2025
796,Mrs. Andrea Sosa DDS,22,Female,Master’s,['History'],26-03-2024,16-07-2024
797,Jessica Harris,47,Male,High School,"['Programming', 'History', 'Science']",12-06-2023,31-07-2024
798,Kimberly Wise,18,Female,PhD,['Art'],26-06-2023,13-12-2024
799,Alexandra Salazar,49,Male,Master’s,"['History', 'Programming', 'Business']",04-01-2024,09-02-2025
800,Samuel Perez,39,Male,High School,['Art'],20-02-2025,27-06-2024
801,Stephanie Hayes,56,Female,PhD,['History'],09-10-2023,28-04-2024
802,Alexa Mayer,41,Female,High School,"['Business', 'History']",25-11-2023,25-02-2025
803,Jennifer Santana,45,Other,Bachelor’s,"['Art', 'History']",13-08-2023,17-12-2024
804,Michelle Galvan,42,Other,High School,['Art'],02-05-2023,29-06-2024
805,Monica Bowman,57,Other,PhD,"['Programming', 'Math']",26-02-2024,26-12-2024
806,Eric Howard,53,Other,Bachelor’s,"['Science', 'Business']",11-02-2024,14-03-2024
807,John Flores,50,Male,High School,['Math'],11-09-2024,24-09-2024
808,Dawn Gibson,26,Other,PhD,['Art'],06-08-2024,31-10-2024
809,Justin Gonzales,22,Female,Bachelor’s,['Business'],08-05-2023,17-03-2024
810,Curtis Fitzgerald,20,Female,High School,"['Math', 'Art', 'Science']",29-04-2023,04-12-2024
811,Kayla Martin DVM,44,Other,High School,['History'],28-08-2023,16-09-2024
812,Megan Brown,18,Male,Master’s,['Programming'],04-09-2024,11-11-2024
813,Gary Mitchell,60,Male,Bachelor’s,['Math'],30-06-2024,01-10-2024
814,Danielle Deleon DDS,59,Male,High School,"['History', 'Programming']",08-10-2023,20-08-2024
815,Dustin Curtis,41,Female,Master’s,"['Business', 'Programming', 'Math']",19-03-2024,12-04-2024
816,Adrian Davis,28,Other,Master’s,['Business'],05-05-2024,11-08-2024
817,Ryan Kirby,57,Male,Bachelor’s,['Business'],14-03-2024,14-08-2024
818,James Sanchez,32,Male,Master’s,"['Programming', 'History', 'Math']",22-05-2023,02-12-2024
819,Sarah Bush,19,Female,Master’s,"['Programming', 'Science', 'Math']",20-01-2024,21-11-2024
820,Michael Barrett,44,Male,High School,"['Business', 'Programming']",10-04-2024,11-07-2024
821,Jenny Ford,40,Other,Bachelor’s,"['Science', 'Business', 'History']",15-11-2024,24-03-2024
822,Shawn Singleton,30,Female,PhD,"['Programming', 'Science']",15-11-2024,21-01-2025
823,Nicholas Sanford,44,Other,Bachelor’s,['Science'],18-09-2023,20-11-2024
824,Brenda Green,27,Other,Bachelor’s,"['Programming', 'Math']",20-09-2024,13-01-2025
825,Stephen Davenport,32,Other,Bachelor’s,"['Programming', 'Business', 'Math']",01-05-2023,10-08-2024
826,Christopher Stewart,53,Female,PhD,['History'],06-09-2024,18-12-2024
827,James Cordova,50,Male,High School,"['Business', 'Math']",02-01-2025,28-03-2024
828,Mckenzie Wilson,31,Male,Master’s,['History'],12-03-2023,16-08-2024
829,Jackie Newton,42,Female,Bachelor’s,"['History', 'Math']",18-12-2023,04-12-2024
830,Joshua Delgado,26,Male,High School,"['Art', 'Business', 'Math']",12-10-2024,05-06-2024
831,Jessica Jordan,57,Male,Master’s,['Math'],13-10-2024,15-06-2024
832,Amy Brown,58,Other,PhD,['Art'],28-05-2024,24-04-2024
833,Stephanie Clayton,33,Other,Master’s,"['Math', 'Programming']",02-11-2024,17-12-2024
834,Thomas Dennis,39,Female,Bachelor’s,"['Art', 'Science']",11-07-2023,02-03-2025
835,Kristen Reeves,33,Male,Master’s,"['Business', 'Programming']",17-10-2024,02-12-2024
836,Jennifer Hansen,27,Male,Master’s,['Math'],02-01-2025,31-10-2024
837,Joel Washington,54,Other,High School,"['History', 'Art', 'Science']",04-04-2024,03-08-2024
838,Heather Powell,39,Female,Bachelor’s,['Business'],17-07-2023,21-11-2024
839,Michael Holmes,60,Other,Master’s,"['Math', 'Science']",01-02-2024,26-05-2024
840,Lisa Marshall,47,Male,PhD,['Art'],06-03-2024,13-05-2024
841,Daniel Rocha,53,Female,High School,"['Science', 'Art']",17-02-2025,20-01-2025
842,Hector Davis,58,Other,High School,['Programming'],15-12-2023,28-04-2024
843,Joshua Rowland,26,Male,High School,"['Programming', 'Business']",09-03-2024,01-06-2024
844,Elizabeth Wright,31,Female,PhD,"['Art', 'Business', 'Science']",19-07-2024,24-05-2024
845,Justin Cabrera,38,Male,Master’s,"['History', 'Math', 'Programming']",27-01-2024,15-12-2024
846,Maurice Maxwell,23,Male,PhD,"['Business', 'History']",25-05-2023,06-06-2024
847,Tony Vega,34,Male,PhD,['Business'],21-12-2024,28-10-2024
848,Karen Waller,41,Female,PhD,['Math'],01-08-2024,04-01-2025
849,Lisa Wilson,38,Female,Master’s,['Science'],01-03-2024,17-09-2024
850,Barbara Ramirez,25,Male,PhD,"['Programming', 'History']",20-10-2023,31-05-2024
851,Paige Garcia,42,Male,Master’s,['Business'],10-01-2024,15-04-2024
852,Jennifer Miles,51,Male,Master’s,"['Business', 'Math']",25-08-2023,09-03-2024
853,Matthew Dunn,56,Male,Bachelor’s,"['Business', 'Math']",01-05-2024,31-08-2024
854,Dr. Brett Smith Jr.,58,Male,Master’s,"['Art', 'Programming', 'Science']",22-02-2024,25-05-2024
855,Erica Coleman,27,Male,Bachelor’s,"['Business', 'Science', 'Math']",21-08-2023,12-12-2024
856,Elizabeth Levy,45,Male,PhD,"['Programming', 'History', 'Business']",18-10-2023,10-07-2024
857,Fernando Long,37,Female,High School,['History'],25-04-2024,23-01-2025
858,Laura Freeman,52,Female,PhD,"['Art', 'Business', 'Math']",14-12-2023,28-10-2024
859,Kathryn Leon,38,Other,PhD,['Science'],18-12-2024,08-03-2025
860,Jeremy Brooks,46,Other,PhD,"['Art', 'Math']",25-07-2024,08-01-2025
861,Karen Flynn,27,Other,High School,"['Art', 'History']",22-10-2023,11-10-2024
862,Anthony Walton,30,Other,High School,"['Programming', 'Art', 'History']",22-11-2024,27-01-2025
863,Anthony Foster,60,Female,Master’s,"['Programming', 'History', 'Math']",12-06-2024,14-08-2024
864,Jennifer Clark,42,Male,PhD,"['Business', 'Programming', 'Art']",30-05-2023,22-07-2024
865,Michelle English,24,Male,High School,"['Math', 'Art']",20-02-2025,10-10-2024
866,Jessica Rodriguez MD,40,Female,PhD,['Science'],26-04-2024,15-05-2024
867,Jessica Willis,52,Other,Bachelor’s,"['Programming', 'Business']",10-12-2024,29-01-2025
868,Paul Baker,44,Male,Master’s,"['Business', 'Programming']",24-11-2024,11-07-2024
869,Megan Jones,30,Female,High School,"['Science', 'Business']",28-12-2024,17-02-2025
870,Laura Martinez,18,Other,High School,"['Programming', 'Science', 'Math']",29-04-2023,20-04-2024
871,Gary Pitts,23,Female,Master’s,['History'],16-05-2024,16-05-2024
872,Craig Calderon,19,Female,High School,"['Business', 'History']",02-02-2024,05-10-2024
873,Latasha Carroll,18,Other,PhD,"['Programming', 'History']",01-02-2025,06-02-2025
874,Amy Roberts,52,Other,Master’s,"['Programming', 'Math', 'History']",31-07-2024,22-05-2024
875,Jerome Koch,59,Male,Master’s,"['Art', 'Programming']",12-02-2025,11-10-2024
876,Amy Norman,45,Female,High School,"['Science', 'History']",19-06-2024,02-03-2025
877,Scott Sexton,30,Female,High School,"['Business', 'Math', 'Art']",02-01-2024,21-04-2024
878,Nancy Collins,47,Other,Master’s,"['Science', 'Business', 'Art']",03-03-2025,06-02-2025
879,Harry Chambers,35,Other,High School,['Business'],03-11-2023,22-02-2025
880,Michael Wilson,37,Male,High School,"['Science', 'Art', 'Math']",25-09-2024,14-03-2024
881,Gary King,43,Male,High School,"['Science', 'Art', 'History']",24-11-2023,21-05-2024
882,Amy Abbott,48,Female,PhD,"['Art', 'Science', 'Math']",20-05-2023,26-06-2024
883,Holly Tucker,59,Female,PhD,"['Business', 'Science']",01-08-2024,04-05-2024
884,Michael Anderson,23,Male,PhD,['History'],07-06-2024,21-10-2024
885,Calvin Wallace,41,Other,Master’s,"['Business', 'Math', 'Science']",14-03-2023,08-11-2024
886,Kristina Hays,58,Other,Bachelor’s,['Science'],01-04-2024,17-03-2024
887,David Cordova DDS,38,Other,High School,"['History', 'Programming', 'Science']",19-01-2024,30-01-2025
888,Julia Wong,48,Female,PhD,['Programming'],05-07-2024,19-09-2024
889,Nicholas Campbell,37,Female,High School,"['Science', 'History']",09-10-2024,03-01-2025
890,Michael Vega,37,Male,Bachelor’s,"['Art', 'Science', 'History']",10-05-2024,11-05-2024
891,Kristin Reeves,40,Other,Bachelor’s,"['Science', 'Math']",15-02-2024,09-05-2024
892,Jay Wade,59,Other,Bachelor’s,"['Math', 'Business', 'History']",13-10-2023,07-04-2024
893,Amanda Duffy,53,Male,High School,"['Science', 'Programming', 'Math']",20-04-2024,08-08-2024
894,Sean Vargas,53,Female,Master’s,"['History', 'Business', 'Art']",05-11-2023,24-12-2024
895,Kathleen Carey,40,Male,PhD,"['Programming', 'Business', 'Art']",05-06-2024,08-09-2024
896,Veronica Sanchez,36,Male,High School,"['History', 'Science']",04-01-2024,30-06-2024
897,Brenda Poole,47,Other,Master’s,['Business'],16-02-2025,24-03-2024
898,Emily Johnson,34,Other,High School,['Math'],17-11-2023,24-02-2025
899,Erik Yates,57,Other,Bachelor’s,['History'],02-07-2023,28-07-2024
900,Mindy Bolton,18,Female,Bachelor’s,"['History', 'Business', 'Art']",01-08-2023,02-12-2024
901,William Wiggins,59,Male,PhD,"['Business', 'Programming']",05-01-2025,20-12-2024
902,Ronald Nelson,45,Male,Bachelor’s,"['Math', 'Art']",27-04-2024,09-01-2025
903,Angela Hess,26,Female,Bachelor’s,['Math'],25-07-2023,06-01-2025
904,Juan Kirby,29,Male,Master’s,"['Science', 'Programming']",28-02-2024,01-09-2024
905,Kristina Espinoza,48,Male,Bachelor’s,"['Programming', 'Science', 'Business']",19-06-2024,05-12-2024
906,Jody Chan,58,Male,High School,"['History', 'Science', 'Business']",15-01-2024,07-02-2025
907,Ashley Campbell,35,Male,Master’s,"['History', 'Science', 'Math']",15-11-2024,13-09-2024
908,Dr. Brian James MD,49,Male,PhD,['History'],01-11-2024,21-07-2024
909,Michael Lawson,28,Female,Bachelor’s,"['Science', 'Math', 'Business']",07-07-2024,09-03-2025
910,Bryan Lawrence,29,Female,High School,['Art'],13-06-2024,30-12-2024
911,Diane Smith,23,Other,PhD,"['Art', 'Programming', 'Math']",09-12-2024,27-04-2024
912,Mason Wood,20,Other,Master’s,"['Business', 'History', 'Programming']",07-12-2024,20-12-2024
913,Kara Wood,31,Female,Master’s,"['Art', 'Math']",31-05-2023,11-09-2024
914,Scott Smith,30,Female,PhD,"['Art', 'Science', 'Business']",21-04-2024,23-01-2025
915,Michelle Paul,32,Other,PhD,['Programming'],10-04-2023,29-01-2025
916,Taylor White,35,Male,Master’s,"['Programming', 'Business']",05-11-2023,18-05-2024
917,Jeffrey Gonzalez,23,Female,Master’s,"['Math', 'History', 'Art']",24-12-2023,20-10-2024
918,Andrew Shaw,60,Female,High School,"['History', 'Business']",29-06-2023,31-12-2024
919,Jonathan Cannon,18,Male,Bachelor’s,"['Business', 'Programming', 'Science']",12-08-2023,09-08-2024
920,Kimberly Johnson,30,Female,Bachelor’s,['Programming'],04-06-2023,18-12-2024
921,Randall Wagner,24,Other,High School,"['Math', 'Art']",25-04-2023,25-02-2025
922,Christopher Ward,27,Female,Bachelor’s,"['Science', 'Business', 'Art']",30-12-2024,13-05-2024
923,Kevin Castro,31,Other,High School,"['Math', 'Business']",25-01-2024,02-12-2024
924,Sarah Burke,46,Male,High School,"['History', 'Art']",14-03-2024,15-02-2025
925,Stephanie Hood,52,Other,High School,"['History', 'Programming']",29-08-2023,11-02-2025
926,Logan Smith,32,Other,Master’s,['Programming'],19-01-2024,10-02-2025
927,Hannah Nichols,41,Male,PhD,"['Math', 'Art']",25-12-2023,04-07-2024
928,Sue Brock,37,Other,Master’s,"['Art', 'Science']",03-07-2023,14-08-2024
929,Tanner Moore,20,Female,High School,"['Science', 'Art', 'Math']",01-03-2024,24-07-2024
930,Carrie Cabrera,38,Male,Bachelor’s,"['Science', 'Math', 'Art']",19-10-2024,01-11-2024
931,Jodi Scott,24,Other,Bachelor’s,"['History', 'Math']",30-11-2023,10-03-2024
932,Darrell Sullivan,60,Other,Master’s,['Programming'],24-11-2023,22-07-2024
933,William Davis,34,Female,High School,"['Math', 'Art']",30-12-2024,15-05-2024
934,Anthony Alvarez,51,Male,Bachelor’s,['Business'],02-04-2023,03-12-2024
935,Aaron French,41,Female,High School,"['Art', 'History', 'Programming']",17-11-2024,25-07-2024
936,Sarah Wilcox,35,Female,PhD,"['History', 'Science']",24-03-2024,10-11-2024
937,Jerry Stein,32,Male,High School,"['Art', 'History', 'Business']",27-05-2023,21-07-2024
938,Eddie Wong,24,Male,Bachelor’s,"['Math', 'Science']",19-03-2024,01-05-2024
939,Michael Roman,54,Male,Bachelor’s,['Programming'],11-01-2024,28-02-2025
940,Gary Thompson,50,Female,Master’s,"['Art', 'History']",31-05-2024,18-08-2024
941,Margaret Williams,33,Other,Bachelor’s,['Science'],06-08-2023,26-02-2025
942,Lindsay Michael,31,Female,PhD,"['History', 'Science']",13-03-2023,13-10-2024
943,David Wheeler,44,Male,PhD,['Science'],23-07-2024,02-02-2025
944,Christine Campbell,37,Male,High School,"['Science', 'History']",23-08-2023,26-09-2024
945,Claire Osborne,22,Female,High School,"['Art', 'History']",07-05-2023,29-12-2024
946,Melissa Lopez,46,Male,PhD,"['Business', 'Math', 'Art']",27-10-2024,06-07-2024
947,Kristi Lewis,22,Female,Master’s,"['Business', 'Programming', 'Art']",28-07-2024,22-03-2024
948,Deborah Smith,36,Male,Master’s,['Math'],15-02-2024,14-03-2024
949,Timothy Sullivan,47,Other,PhD,"['Math', 'Science']",24-07-2024,10-12-2024
950,Jason Edwards,60,Male,PhD,['Math'],31-07-2024,24-09-2024
951,Adam Cooley,18,Male,PhD,"['Business', 'Programming']",03-10-2023,18-12-2024
952,John Kim,50,Female,High School,"['Math', 'Programming', 'Business']",21-02-2024,02-12-2024
953,Brandon Rodgers,20,Male,High School,"['Science', 'History', 'Art']",06-01-2024,12-12-2024
954,Katrina Raymond,18,Female,Bachelor’s,"['Programming', 'Science', 'Art']",06-12-2024,02-01-2025
955,James Bruce,34,Female,High School,['Math'],17-02-2024,01-04-2024
956,Alicia Brown,58,Other,PhD,['Business'],22-02-2024,25-02-2025
957,Clifford Harvey,47,Other,PhD,['Programming'],08-03-2025,12-06-2024
958,Ashley Williamson,46,Female,Master’s,['Math'],08-10-2024,22-01-2025
959,Rachel Burke,20,Male,Bachelor’s,['Business'],16-02-2025,08-09-2024
960,Miranda Morris,37,Female,Bachelor’s,"['Business', 'Programming']",06-11-2023,08-06-2024
961,William Hughes,58,Male,High School,"['Math', 'Science', 'Art']",04-12-2023,18-10-2024
962,Christopher Moran,34,Male,High School,"['Art', 'Science', 'Math']",29-01-2025,24-07-2024
963,Madison Reeves,23,Other,Bachelor’s,['Business'],22-03-2024,20-05-2024
964,Sandra Carr,26,Female,Bachelor’s,"['Art', 'Math']",14-05-2024,10-07-2024
965,Sylvia Riley,36,Other,Bachelor’s,"['Business', 'Programming']",24-06-2024,03-03-2025
966,Brett Rhodes,40,Male,Bachelor’s,['Programming'],07-01-2025,02-06-2024
967,Jessica Jordan MD,41,Female,PhD,"['Art', 'Programming']",19-04-2023,08-04-2024
968,Melissa Kemp,29,Female,Bachelor’s,"['Programming', 'Art', 'History']",27-12-2023,22-04-2024
969,Dawn Romero,37,Female,PhD,"['History', 'Art']",26-03-2024,06-08-2024
970,Vincent Martinez,23,Other,PhD,"['Programming', 'Art']",17-06-2024,20-10-2024
971,Mary Ellison MD,55,Male,High School,['Programming'],16-06-2023,31-10-2024
972,Meghan Santos,50,Male,High School,['Math'],21-02-2025,04-05-2024
973,Christine Oconnor,41,Male,High School,['Science'],17-03-2023,01-03-2025
974,Jessica Davis,57,Male,High School,"['Programming', 'Math']",17-04-2023,25-11-2024
975,Donald Livingston,31,Male,PhD,"['Programming', 'Business', 'History']",25-04-2024,18-09-2024
976,Stephanie Maxwell,25,Female,Bachelor’s,"['Programming', 'Math']",05-02-2025,21-12-2024
977,Samantha Dawson,46,Female,PhD,['Science'],14-06-2023,05-06-2024
978,Alexander Fox,35,Other,Bachelor’s,"['Math', 'Art', 'Programming']",17-02-2025,20-10-2024
979,Jennifer Oliver,53,Female,Bachelor’s,"['History', 'Programming']",21-10-2023,18-04-2024
980,Lori Harris,48,Male,High School,['History'],31-08-2024,11-10-2024
981,Marie Romero,44,Other,PhD,"['Programming', 'Business']",26-07-2023,12-06-2024
982,Susan Lindsey,58,Male,PhD,"['Art', 'History']",17-06-2024,08-06-2024
983,Kristen Tate,55,Female,PhD,['Art'],20-07-2024,23-11-2024
984,Alexander Collins,47,Other,Bachelor’s,"['Programming', 'Art']",14-06-2024,28-12-2024
985,Wendy Rice,29,Other,Master’s,"['Business', 'Science']",19-06-2023,16-04-2024
986,Melissa Craig,42,Other,Master’s,['Business'],21-05-2023,06-08-2024
987,Steven Stark,49,Female,High School,['Programming'],25-01-2025,13-02-2025
988,Hector Bowers,32,Female,Master’s,"['Business', 'Programming', 'History']",19-12-2024,11-11-2024
989,Kristina Jackson,56,Other,PhD,['Programming'],10-11-2023,08-06-2024
990,Brian Peterson,43,Other,Master’s,['Art'],01-12-2024,19-01-2025
991,Carlos Pace,39,Female,PhD,"['Programming', 'Science']",27-05-2024,27-08-2024
992,Richard Johnson,47,Other,Master’s,"['History', 'Art', 'Math']",29-09-2024,16-03-2024
993,Veronica Robinson,46,Female,Bachelor’s,"['Art', 'History', 'Science']",22-08-2023,18-03-2024
994,Annette Case,60,Other,PhD,"['Business', 'History', 'Art']",19-10-2024,30-06-2024
995,Thomas Rhodes,60,Other,High School,"['History', 'Programming']",23-12-2024,05-10-2024
996,Dylan Mcclain,26,Other,Master’s,"['Programming', 'Math', 'Art']",17-05-2023,18-11-2024
997,Phillip Kennedy,41,Male,Bachelor’s,"['History', 'Art', 'Science']",14-04-2023,07-10-2024
998,Jordan Thomas,46,Female,PhD,"['Programming', 'Business', 'Science']",30-10-2024,01-02-2025
999,Timothy Wallace,19,Female,PhD,"['Science', 'Math', 'History']",30-06-2023,27-02-2025
1000,Mikayla Hutchinson,25,Male,High School,"['Art', 'Programming', 'Science']",27-07-2023,03-11-2024
